Entity,Year,"production|Steel|Processing, crude|tonnes"
Albania,1993,19000
Albania,1994,19000
Albania,1997,24000
Albania,1998,22000
Albania,1999,15600
Albania,2000,64700
Albania,2001,71952
Albania,2002,80924
Albania,2003,86117
Albania,2004,120000
Albania,2005,179524
Albania,2006,205534
Albania,2007,263271
Albania,2008,250000
Albania,2009,221000
Albania,2010,390000
Albania,2011,464000
Albania,2012,390000
Albania,2013,312000
Albania,2014,560000
Albania,2015,150000
Albania,2016,50000
Albania,2017,0
Algeria,1974,250000
Algeria,1975,221000
Algeria,1976,356000
Algeria,1977,410000
Algeria,1978,417000
Algeria,1979,315000
Algeria,1980,384000
Algeria,1981,522000
Algeria,1982,868000
Algeria,1983,892000
Algeria,1984,1143000
Algeria,1985,1245000
Algeria,1986,1120000
Algeria,1987,1378000
Algeria,1988,1301000
Algeria,1989,943000
Algeria,1990,767000
Algeria,1991,838000
Algeria,1992,767600
Algeria,1993,798400
Algeria,1994,807000
Algeria,1995,826728
Algeria,1996,646001
Algeria,1997,394718
Algeria,1998,646621
Algeria,1999,773696
Algeria,2000,771614
Algeria,2001,947040
Algeria,2002,1091000
Algeria,2003,1051000
Algeria,2004,1014000
Algeria,2005,1007000
Algeria,2006,1158000
Algeria,2007,1278000
Algeria,2008,646000
Algeria,2009,543000
Algeria,2010,662000
Algeria,2011,551000
Algeria,2012,557000
Algeria,2013,417000
Algeria,2014,415000
Algeria,2015,650000
Algeria,2016,650000
Algeria,2017,415000
Algeria,2018,2300000
Algeria,2019,2400000
Algeria,2020,3000000
Algeria,2021,3491300
Algeria,2022,3500000
Angola,1984,7469
Angola,1985,10000
Angola,1986,10000
Angola,1987,10000
Angola,1988,10000
Angola,1989,10000
Angola,1990,10000
Angola,1991,10000
Angola,1992,10000
Angola,1993,9000
Angola,1994,9000
Angola,2017,250000
Angola,2018,275000
Angola,2019,290000
Angola,2020,250000
Angola,2021,275000
Angola,2022,270000
Argentina,1970,1774000
Argentina,1971,1855000
Argentina,1972,1869000
Argentina,1973,1870000
Argentina,1974,2036000
Argentina,1975,2070000
Argentina,1976,2431000
Argentina,1977,2537000
Argentina,1978,2788000
Argentina,1979,3198900
Argentina,1980,2687100
Argentina,1981,2517100
Argentina,1982,2897400
Argentina,1983,2942807
Argentina,1984,2646546
Argentina,1985,2942094
Argentina,1986,3235211
Argentina,1987,3632800
Argentina,1988,3623546
Argentina,1989,3882758
Argentina,1990,3635635
Argentina,1991,2971670
Argentina,1992,2679900
Argentina,1993,2885904
Argentina,1994,3289000
Argentina,1995,3568800
Argentina,1996,4075139
Argentina,1997,4168500
Argentina,1998,4215890
Argentina,1999,3805205
Argentina,2000,4479204
Argentina,2001,4112501
Argentina,2002,4363367
Argentina,2003,5033200
Argentina,2004,5125200
Argentina,2005,5382000
Argentina,2006,5532700
Argentina,2007,5387600
Argentina,2008,5541400
Argentina,2009,4013000
Argentina,2010,5138500
Argentina,2011,5610500
Argentina,2012,4996000
Argentina,2013,5185710
Argentina,2014,5488100
Argentina,2015,5027900
Argentina,2016,4126500
Argentina,2017,4624173
Argentina,2018,5161700
Argentina,2019,4644500
Argentina,2020,3651100
Argentina,2021,4875300
Argentina,2022,4595200
Australia,1970,6822000
Australia,1971,6737000
Australia,1972,6743000
Australia,1973,7682000
Australia,1974,7755000
Australia,1975,7843000
Australia,1976,7774000
Australia,1977,7313000
Australia,1978,7589000
Australia,1979,8125000
Australia,1980,7594000
Australia,1981,7635000
Australia,1982,6371000
Australia,1983,5657000
Australia,1984,6303000
Australia,1985,6578000
Australia,1986,6703000
Australia,1987,6125000
Australia,1988,6399000
Australia,1989,6735000
Australia,1990,6666000
Australia,1991,6017000
Australia,1992,6990000
Australia,1993,7837000
Australia,1994,8455000
Australia,1995,8447000
Australia,1996,8379000
Australia,1997,8837000
Australia,1998,8886000
Australia,1999,8162000
Australia,2000,7297000
Australia,2001,7076000
Australia,2002,8874000
Australia,2003,9661000
Australia,2004,8104000
Australia,2005,7789000
Australia,2006,7937000
Australia,2007,8057000
Australia,2008,7724000
Australia,2009,5135000
Australia,2010,7408000
Australia,2011,6538000
Australia,2012,4850912
Australia,2013,4730900
Australia,2014,4582300
Australia,2015,4935300
Australia,2016,5160489
Australia,2017,5335000
Australia,2018,5775000
Australia,2019,5493000
Australia,2020,5489000
Australia,2021,5822000
Australia,2022,5667000
Austria,1970,4079000
Austria,1971,3960000
Austria,1972,4070000
Austria,1973,4238000
Austria,1974,4698000
Austria,1975,4068000
Austria,1976,4477000
Austria,1977,4093000
Austria,1978,4335000
Austria,1979,4917179
Austria,1980,4623773
Austria,1981,4655504
Austria,1982,4258156
Austria,1983,4410907
Austria,1984,4869841
Austria,1985,4660426
Austria,1986,4291895
Austria,1987,4301165
Austria,1988,4560072
Austria,1989,4717595
Austria,1990,4241448
Austria,1991,3897392
Austria,1992,3600380
Austria,1993,4148865
Austria,1994,4398887
Austria,1995,4919840
Austria,1996,4442000
Austria,1997,5181000
Austria,1998,5282000
Austria,1999,5202000
Austria,2000,5722000
Austria,2001,5870000
Austria,2002,6189000
Austria,2003,6261000
Austria,2004,6529000
Austria,2005,7031000
Austria,2006,7129000
Austria,2007,7577000
Austria,2008,7594000
Austria,2009,5662000
Austria,2010,7206000
Austria,2011,7474000
Austria,2012,7421000
Austria,2013,7953000
Austria,2014,7876000
Austria,2015,7687000
Austria,2016,7438000
Austria,2017,8134600
Austria,2018,6885000
Austria,2019,7423500
Austria,2020,6765100
Austria,2021,7884000
Austria,2022,7512200
Azerbaijan,1992,385000
Azerbaijan,1993,236000
Azerbaijan,1994,40000
Azerbaijan,2001,1605
Azerbaijan,2002,4600
Azerbaijan,2003,32700
Azerbaijan,2004,90400
Azerbaijan,2005,286100
Azerbaijan,2006,335300
Azerbaijan,2007,468000
Azerbaijan,2008,278100
Azerbaijan,2009,78874
Azerbaijan,2010,129125
Azerbaijan,2011,234002
Azerbaijan,2012,267660
Azerbaijan,2013,222800
Azerbaijan,2014,324119
Azerbaijan,2015,302015
Azerbaijan,2016,345340
Azerbaijan,2017,387258
Azerbaijan,2018,381617
Azerbaijan,2019,325895
Azerbaijan,2020,264506
Azerbaijan,2021,308402
Azerbaijan,2022,391865
Bahrain,2018,720000
Bahrain,2019,800000
Bahrain,2020,900000
Bahrain,2021,1167300
Bahrain,2022,1170300
Bangladesh,1974,81000
Bangladesh,1975,76000
Bangladesh,1976,90000
Bangladesh,1977,108000
Bangladesh,1978,117000
Bangladesh,1979,126193
Bangladesh,1980,137557
Bangladesh,1981,139343
Bangladesh,1982,108624
Bangladesh,1983,47401
Bangladesh,1984,73387
Bangladesh,1985,101419
Bangladesh,1986,95514
Bangladesh,1987,82081
Bangladesh,1988,70036
Bangladesh,1989,86274
Bangladesh,1990,75029
Bangladesh,1991,57520
Bangladesh,1992,36796
Bangladesh,1993,7043
Bangladesh,1994,6054
Bangladesh,1995,25346
Bangladesh,1996,20594
Bangladesh,1997,36000
Bangladesh,1998,35000
Belarus,1992,544000
Belarus,1993,946000
Belarus,1994,880000
Belarus,1995,744000
Belarus,1996,795000
Belarus,1997,1110000
Belarus,1998,1412000
Belarus,1999,1449000
Belarus,2000,1623000
Belarus,2001,1611000
Belarus,2002,1607000
Belarus,2003,1572868
Belarus,2004,1920019
Belarus,2005,2075523
Belarus,2006,2135651
Belarus,2007,2214019
Belarus,2008,2478131
Belarus,2009,2329694
Belarus,2010,2530829
Belarus,2011,2778792
Belarus,2012,2869373
Belarus,2013,2394489
Belarus,2014,2597807
Belarus,2015,2577292
Belarus,2016,2265517
Belarus,2017,2432580
Belarus,2018,2572862
Belarus,2019,2717705
Belarus,2020,2559577
Belarus,2021,2481354
Belarus,2022,2080000
Belgium,1970,12606000
Belgium,1971,12444000
Belgium,1972,14537000
Belgium,1973,15528000
Belgium,1974,16232000
Belgium,1975,11592000
Belgium,1976,12144000
Belgium,1977,11266000
Belgium,1978,12604000
Belgium,1979,13538400
Belgium,1980,12424507
Belgium,1981,12379729
Belgium,1982,9995850
Belgium,1983,10157031
Belgium,1984,11303381
Belgium,1985,10687000
Belgium,1986,9767551
Belgium,1987,9786422
Belgium,1988,11220797
Belgium,1989,10952815
Belgium,1990,11719159
Belgium,1991,11334883
Belgium,1992,10337352
Belgium,1993,10118616
Belgium,1994,11265234
Belgium,1995,11539883
Belgium,1996,10751711
Belgium,1997,10717603
Belgium,1998,11403848
Belgium,1999,10910168
Belgium,2000,11614731
Belgium,2001,10741493
Belgium,2002,11322008
Belgium,2003,11114775
Belgium,2004,11697000
Belgium,2005,10422000
Belgium,2006,11631000
Belgium,2007,10692000
Belgium,2008,10673000
Belgium,2009,5635000
Belgium,2010,7973000
Belgium,2011,8026000
Belgium,2012,7301000
Belgium,2013,7127000
Belgium,2014,7331000
Belgium,2015,7257000
Belgium,2016,7687000
Belgium,2017,7842300
Belgium,2018,7980000
Belgium,2019,7760000
Belgium,2020,6120000
Belgium,2021,6910000
Belgium,2022,6974500
Bosnia and Herzegovina,1992,135000
Bosnia and Herzegovina,1993,115000
Bosnia and Herzegovina,1994,115000
Bosnia and Herzegovina,1995,115000
Bosnia and Herzegovina,1996,52000
Bosnia and Herzegovina,1997,72000
Bosnia and Herzegovina,1998,75000
Bosnia and Herzegovina,1999,60000
Bosnia and Herzegovina,2000,77000
Bosnia and Herzegovina,2001,84000
Bosnia and Herzegovina,2002,70000
Bosnia and Herzegovina,2003,95000
Bosnia and Herzegovina,2004,75000
Bosnia and Herzegovina,2005,289000
Bosnia and Herzegovina,2006,469122
Bosnia and Herzegovina,2007,513867
Bosnia and Herzegovina,2008,587878
Bosnia and Herzegovina,2009,495150
Bosnia and Herzegovina,2010,590952
Bosnia and Herzegovina,2011,649085
Bosnia and Herzegovina,2012,700341
Bosnia and Herzegovina,2013,722155
Bosnia and Herzegovina,2014,792019
Bosnia and Herzegovina,2015,795942
Bosnia and Herzegovina,2016,783045
Bosnia and Herzegovina,2017,734518
Bosnia and Herzegovina,2018,677443
Bosnia and Herzegovina,2019,800600
Bosnia and Herzegovina,2020,740194
Bosnia and Herzegovina,2021,774832
Bosnia and Herzegovina,2022,653246
Brazil,1970,5390000
Brazil,1971,6011000
Brazil,1972,6518000
Brazil,1973,7150000
Brazil,1974,7507000
Brazil,1975,8308000
Brazil,1976,9169000
Brazil,1977,11164000
Brazil,1978,12106000
Brazil,1979,13891101
Brazil,1980,15337310
Brazil,1981,13226128
Brazil,1982,12995241
Brazil,1983,14671428
Brazil,1984,18385724
Brazil,1985,20455694
Brazil,1986,21233346
Brazil,1987,22227856
Brazil,1988,24656918
Brazil,1989,25055100
Brazil,1990,20566600
Brazil,1991,22617300
Brazil,1992,23934000
Brazil,1993,25207000
Brazil,1994,25746800
Brazil,1995,25076400
Brazil,1996,25237000
Brazil,1997,26152900
Brazil,1998,25759900
Brazil,1999,24996200
Brazil,2000,27865000
Brazil,2001,26717000
Brazil,2002,29604000
Brazil,2003,31147000
Brazil,2004,32909000
Brazil,2005,31610000
Brazil,2006,30901000
Brazil,2007,33782000
Brazil,2008,33716000
Brazil,2009,26506000
Brazil,2010,32948000
Brazil,2011,35220000
Brazil,2012,34524000
Brazil,2013,34163000
Brazil,2014,33897000
Brazil,2015,33258000
Brazil,2016,31642000
Brazil,2017,34778000
Brazil,2018,35407000
Brazil,2019,32569000
Brazil,2020,31000000
Brazil,2021,36000000
Brazil,2022,34000000
Brazil,2023,34000000
Bulgaria,1970,1800000
Bulgaria,1971,1947000
Bulgaria,1972,2121000
Bulgaria,1973,2246000
Bulgaria,1974,2188000
Bulgaria,1975,2265000
Bulgaria,1976,2460000
Bulgaria,1977,2589000
Bulgaria,1978,2469000
Bulgaria,1979,2482000
Bulgaria,1980,2565000
Bulgaria,1981,2484000
Bulgaria,1982,2584000
Bulgaria,1983,2831000
Bulgaria,1984,2878412
Bulgaria,1985,2944000
Bulgaria,1986,2965248
Bulgaria,1987,3045000
Bulgaria,1988,2875000
Bulgaria,1989,2899000
Bulgaria,1990,2184453
Bulgaria,1991,1615000
Bulgaria,1992,1551000
Bulgaria,1993,1941000
Bulgaria,1994,2491000
Bulgaria,1995,2723500
Bulgaria,1996,2457000
Bulgaria,1997,2628000
Bulgaria,1998,2240000
Bulgaria,1999,1889000
Bulgaria,2000,2022000
Bulgaria,2001,1972000
Bulgaria,2002,1860000
Bulgaria,2003,1950000
Bulgaria,2004,2106000
Bulgaria,2005,1969000
Bulgaria,2006,2102000
Bulgaria,2007,1909000
Bulgaria,2008,1330000
Bulgaria,2009,726000
Bulgaria,2010,744000
Bulgaria,2011,835000
Bulgaria,2012,633000
Bulgaria,2013,523000
Bulgaria,2014,612400
Bulgaria,2015,543100
Bulgaria,2016,527300
Bulgaria,2017,652400
Bulgaria,2018,666100
Bulgaria,2019,565900
Bulgaria,2020,483800
Bulgaria,2021,547500
Bulgaria,2022,481500
Canada,1970,11200000
Canada,1971,11040000
Canada,1972,11860000
Canada,1973,13386000
Canada,1974,13623000
Canada,1975,13025000
Canada,1976,13290000
Canada,1977,13631000
Canada,1978,14898000
Canada,1979,16078041
Canada,1980,15901243
Canada,1981,14811223
Canada,1982,11871374
Canada,1983,12832477
Canada,1984,14699204
Canada,1985,14630738
Canada,1986,14081405
Canada,1987,14737047
Canada,1988,14865714
Canada,1989,15458139
Canada,1990,12280736
Canada,1991,12987433
Canada,1992,13933466
Canada,1993,14387400
Canada,1994,13896953
Canada,1995,13996155
Canada,1996,14637476
Canada,1997,15458635
Canada,1998,15832839
Canada,1999,16136095
Canada,2000,16496339
Canada,2001,15178896
Canada,2002,15906747
Canada,2003,15831473
Canada,2004,16428000
Canada,2005,15327000
Canada,2006,15493000
Canada,2007,15572000
Canada,2008,14845000
Canada,2009,9286000
Canada,2010,13009000
Canada,2011,12891000
Canada,2012,13507000
Canada,2013,12349000
Canada,2014,12595000
Canada,2015,12473000
Canada,2016,12672000
Canada,2017,13208000
Canada,2018,13443100
Canada,2019,12897000
Canada,2020,11078000
Canada,2021,12976300
Canada,2022,12000000
Canada,2023,12000000
Chile,1970,547000
Chile,1971,610000
Chile,1972,581000
Chile,1973,508000
Chile,1974,596000
Chile,1975,457000
Chile,1976,448000
Chile,1977,509000
Chile,1978,574000
Chile,1979,641600
Chile,1980,695000
Chile,1981,625500
Chile,1982,478400
Chile,1983,593200
Chile,1984,692393
Chile,1985,688980
Chile,1986,706217
Chile,1987,726149
Chile,1988,908900
Chile,1989,799681
Chile,1990,771795
Chile,1991,807069
Chile,1992,1012758
Chile,1993,1068828
Chile,1994,1039658
Chile,1995,1014116
Chile,1996,1178266
Chile,1997,1167492
Chile,1998,1171409
Chile,1999,1290512
Chile,2000,1351986
Chile,2001,1246863
Chile,2002,1279549
Chile,2003,1377400
Chile,2004,1579000
Chile,2005,1541000
Chile,2006,1607000
Chile,2007,1678000
Chile,2008,1549000
Chile,2009,1308000
Chile,2010,1011000
Chile,2011,1615000
Chile,2012,1671000
Chile,2013,1323000
Chile,2014,1079000
Chile,2015,1112000
Chile,2016,1153000
Chile,2017,1158000
Chile,2018,1145000
Chile,2019,1133000
Chile,2020,1157000
Chile,2021,1318000
Chile,2022,1151000
China,1970,18000000
China,1971,21000000
China,1972,23000000
China,1973,27000000
China,1974,27000000
China,1975,29000000
China,1976,27000000
China,1977,23740000
China,1978,31780000
China,1979,34430000
China,1980,37120000
China,1981,35600000
China,1982,37160000
China,1983,40020000
China,1984,43470000
China,1985,46790000
China,1986,52200000
China,1987,56280000
China,1988,59430000
China,1989,61587000
China,1990,66350000
China,1991,71000000
China,1992,80940000
China,1993,89556400
China,1994,92620000
China,1995,95359900
China,1996,101240600
China,1997,108941700
China,1998,114588400
China,1999,123954100
China,2000,127236100
China,2001,151634400
China,2002,182366000
China,2003,222336000
China,2004,282911000
China,2005,353240000
China,2006,419148500
China,2007,489288000
China,2008,503057500
China,2009,572182300
China,2010,637229900
China,2011,685283100
China,2012,723882200
China,2013,813138900
China,2014,822306300
China,2015,803825000
China,2016,807609400
China,2017,870740900
China,2018,929038400
China,2019,996342000
China,2020,1060000000
China,2021,1030000000
China,2022,1020000000
China,2023,1000000000
Colombia,1970,239000
Colombia,1971,247000
Colombia,1972,275000
Colombia,1973,263000
Colombia,1974,244000
Colombia,1975,266000
Colombia,1976,252000
Colombia,1977,209000
Colombia,1978,265000
Colombia,1979,233778
Colombia,1980,420000
Colombia,1981,402000
Colombia,1982,421753
Colombia,1983,482264
Colombia,1984,507264
Colombia,1985,530442
Colombia,1986,631989
Colombia,1987,689498
Colombia,1988,712274
Colombia,1989,711368
Colombia,1990,701406
Colombia,1991,651980
Colombia,1992,656782
Colombia,1993,687432
Colombia,1994,693498
Colombia,1995,713648
Colombia,1996,694741
Colombia,1997,733951
Colombia,1998,635814
Colombia,1999,534038
Colombia,2000,659882
Colombia,2001,638259
Colombia,2002,662859
Colombia,2003,668400
Colombia,2004,806000
Colombia,2005,1007000
Colombia,2006,1211000
Colombia,2007,1245000
Colombia,2008,1053000
Colombia,2009,1052000
Colombia,2010,1207000
Colombia,2011,1244000
Colombia,2012,1302000
Colombia,2013,1236000
Colombia,2014,1208000
Colombia,2015,1358000
Colombia,2016,1272000
Colombia,2017,1252800
Colombia,2018,1219000
Colombia,2019,1332800
Colombia,2020,1148900
Colombia,2021,1338000
Colombia,2022,1373000
Croatia,1992,101942
Croatia,1993,73815
Croatia,1994,63352
Croatia,1995,45373
Croatia,1996,45752
Croatia,1997,68733
Croatia,1998,104854
Croatia,1999,77213
Croatia,2000,70999
Croatia,2001,57993
Croatia,2002,33851
Croatia,2003,43380
Croatia,2004,85947
Croatia,2005,73640
Croatia,2006,80516
Croatia,2007,76252
Croatia,2008,121759
Croatia,2009,54266
Croatia,2010,103429
Croatia,2011,162709
Croatia,2012,1016
Croatia,2013,135000
Croatia,2014,159000
Croatia,2015,122000
Croatia,2016,0
Croatia,2017,0
Croatia,2018,135800
Croatia,2019,69126
Croatia,2020,45273
Croatia,2021,185143
Croatia,2022,169135
Cuba,1975,298000
Cuba,1976,250000
Cuba,1977,330000
Cuba,1978,324000
Cuba,1979,327792
Cuba,1980,303837
Cuba,1981,329700
Cuba,1982,290200
Cuba,1983,352100
Cuba,1984,325300
Cuba,1985,401400
Cuba,1986,411500
Cuba,1987,401500
Cuba,1988,320500
Cuba,1989,314200
Cuba,1990,255000
Cuba,1991,180130
Cuba,1992,133900
Cuba,1993,90514
Cuba,1994,130912
Cuba,1995,207259
Cuba,1996,230988
Cuba,1997,334600
Cuba,1998,283200
Cuba,1999,302700
Cuba,2000,327300
Cuba,2001,269600
Cuba,2002,264100
Cuba,2003,210000
Cuba,2004,193151
Cuba,2005,245076
Cuba,2006,258206
Cuba,2007,263568
Cuba,2008,275584
Cuba,2009,267752
Cuba,2010,279040
Cuba,2011,283982
Cuba,2012,280899
Cuba,2013,268814
Cuba,2014,259130
Cuba,2015,223441
Cuba,2016,244000
Cuba,2017,221000
Cuba,2018,225400
Cuba,2019,229900
Cuba,2020,185200
Cuba,2021,230800
Cuba,2022,200400
Czechia,1992,0
Czechia,1993,6769000
Czechia,1994,7085000
Czechia,1995,7183800
Czechia,1996,6509400
Czechia,1997,6750100
Czechia,1998,6497800
Czechia,1999,5615500
Czechia,2000,6215800
Czechia,2001,6315900
Czechia,2002,6511970
Czechia,2003,6783000
Czechia,2004,7033000
Czechia,2005,6189000
Czechia,2006,6862000
Czechia,2007,7059000
Czechia,2008,6387000
Czechia,2009,4594000
Czechia,2010,5180000
Czechia,2011,5583000
Czechia,2012,5072082
Czechia,2013,5171255
Czechia,2014,5360000
Czechia,2015,5261591
Czechia,2016,5305000
Czechia,2017,4553000
Czechia,2018,4966000
Czechia,2019,4600000
Czechia,2020,2900000
Czechia,2021,4700000
Czechia,2022,4200000
Czechoslovakia,1970,11480000
Czechoslovakia,1971,12064000
Czechoslovakia,1972,12727000
Czechoslovakia,1973,13158000
Czechoslovakia,1974,13640000
Czechoslovakia,1975,14323000
Czechoslovakia,1976,14693000
Czechoslovakia,1977,15064000
Czechoslovakia,1978,15294000
Czechoslovakia,1979,14817000
Czechoslovakia,1980,15225000
Czechoslovakia,1981,15270000
Czechoslovakia,1982,14992000
Czechoslovakia,1983,15024000
Czechoslovakia,1984,14831000
Czechoslovakia,1985,15036000
Czechoslovakia,1986,15112000
Czechoslovakia,1987,15356000
Czechoslovakia,1988,15379000
Czechoslovakia,1989,15465000
Czechoslovakia,1990,14775000
Czechoslovakia,1991,12071000
Czechoslovakia,1992,11147000
Democratic Republic of Congo,1993,30000
Democratic Republic of Congo,1994,30000
Democratic Republic of Congo,2010,30000
Democratic Republic of Congo,2011,30000
Democratic Republic of Congo,2012,30000
Democratic Republic of Congo,2013,30000
Democratic Republic of Congo,2014,30000
Democratic Republic of Congo,2015,30000
Democratic Republic of Congo,2016,30000
Democratic Republic of Congo,2017,30000
Democratic Republic of Congo,2018,30000
Democratic Republic of Congo,2019,30000
Democratic Republic of Congo,2020,30000
Democratic Republic of Congo,2021,30000
Democratic Republic of Congo,2022,30000
Denmark,1970,473000
Denmark,1971,471000
Denmark,1972,505000
Denmark,1973,453000
Denmark,1974,535000
Denmark,1975,559000
Denmark,1976,722000
Denmark,1977,686000
Denmark,1978,863000
Denmark,1979,804000
Denmark,1980,734000
Denmark,1981,612000
Denmark,1982,560000
Denmark,1983,493000
Denmark,1984,548000
Denmark,1985,528000
Denmark,1986,632000
Denmark,1987,606000
Denmark,1988,650000
Denmark,1989,624000
Denmark,1990,610000
Denmark,1991,632000
Denmark,1992,591000
Denmark,1993,603000
Denmark,1994,723000
Denmark,1995,648000
Denmark,1996,739000
Denmark,1997,787000
Denmark,1998,800000
Denmark,1999,727000
Denmark,2000,803000
Denmark,2001,746000
Denmark,2002,392000
Dominican Republic,1986,100043
Dominican Republic,1987,87800
Dominican Republic,1988,75327
Dominican Republic,1989,54855
Dominican Republic,1990,36839
Dominican Republic,1991,39299
Dominican Republic,1992,32628
Dominican Republic,1996,42261
Dominican Republic,1997,82479
Dominican Republic,1998,35874
Dominican Republic,1999,42893
Dominican Republic,2000,35801
Dominican Republic,2001,32521
Dominican Republic,2002,60956
Dominican Republic,2003,61000
Dominican Republic,2004,61000
Dominican Republic,2005,66000
Dominican Republic,2006,81000
Dominican Republic,2007,75000
Dominican Republic,2008,68000
Dominican Republic,2009,67000
Dominican Republic,2010,60000
Dominican Republic,2011,76000
Dominican Republic,2012,56000
Dominican Republic,2013,56000
Dominican Republic,2014,60000
Dominican Republic,2015,60000
Dominican Republic,2016,60000
Dominican Republic,2017,60000
Dominican Republic,2018,60000
Dominican Republic,2019,60000
Dominican Republic,2020,60000
Dominican Republic,2021,60000
Dominican Republic,2022,60000
East Germany,1970,5053000
East Germany,1971,5350000
East Germany,1972,5670000
East Germany,1973,5892000
East Germany,1974,6165000
East Germany,1975,6472000
East Germany,1976,6732000
East Germany,1977,6850000
East Germany,1978,6976000
East Germany,1979,7023400
East Germany,1980,7308300
East Germany,1981,7466900
East Germany,1982,7168500
East Germany,1983,7218800
East Germany,1984,7573300
East Germany,1985,7852800
East Germany,1986,7967200
East Germany,1987,8242700
East Germany,1988,8131200
East Germany,1989,7828800
East Germany,1990,5546000
Ecuador,1995,34641
Ecuador,1996,20477
Ecuador,1997,43700
Ecuador,1998,45784
Ecuador,1999,53000
Ecuador,2000,58483
Ecuador,2001,59732
Ecuador,2002,67233
Ecuador,2003,79800
Ecuador,2004,71600
Ecuador,2005,82500
Ecuador,2006,86400
Ecuador,2007,87100
Ecuador,2008,128000
Ecuador,2009,259000
Ecuador,2010,357000
Ecuador,2011,463000
Ecuador,2012,425000
Ecuador,2013,570000
Ecuador,2014,667000
Ecuador,2015,720000
Ecuador,2016,576000
Ecuador,2017,561000
Ecuador,2018,583400
Ecuador,2019,606800
Ecuador,2020,482200
Ecuador,2021,611600
Ecuador,2022,536300
Egypt,1970,227000
Egypt,1971,500000
Egypt,1972,3554000
Egypt,1973,4036000
Egypt,1974,400000
Egypt,1975,348000
Egypt,1976,457000
Egypt,1977,263000
Egypt,1978,600000
Egypt,1979,800000
Egypt,1980,800000
Egypt,1981,900000
Egypt,1982,129915
Egypt,1983,123996
Egypt,1984,928000
Egypt,1985,1028000
Egypt,1986,1013000
Egypt,1987,1433000
Egypt,1988,2025000
Egypt,1989,2114000
Egypt,1990,2247000
Egypt,1991,2556000
Egypt,1992,2524000
Egypt,1993,2811000
Egypt,1994,2622000
Egypt,1995,2642000
Egypt,1996,2618000
Egypt,1997,2717000
Egypt,1998,2870000
Egypt,1999,2627000
Egypt,2000,2838000
Egypt,2001,3799000
Egypt,2002,4316000
Egypt,2003,4398000
Egypt,2004,4810000
Egypt,2005,5603000
Egypt,2006,6045000
Egypt,2007,6224000
Egypt,2008,6198000
Egypt,2009,5541000
Egypt,2010,6676000
Egypt,2011,6485000
Egypt,2012,6627000
Egypt,2013,6754000
Egypt,2014,6485000
Egypt,2015,5506000
Egypt,2016,5036000
Egypt,2017,6870100
Egypt,2018,7806800
Egypt,2019,7257000
Egypt,2020,8228700
Egypt,2021,10293500
Egypt,2022,9818500
El Salvador,1995,27709
El Salvador,1996,41408
El Salvador,1997,44868
El Salvador,1998,43162
El Salvador,1999,33501
El Salvador,2000,40506
El Salvador,2001,38502
El Salvador,2002,48832
El Salvador,2003,56900
El Salvador,2004,60000
El Salvador,2005,48000
El Salvador,2006,72000
El Salvador,2007,73000
El Salvador,2008,71000
El Salvador,2009,56000
El Salvador,2010,64000
El Salvador,2011,97000
El Salvador,2012,72000
El Salvador,2013,118000
El Salvador,2014,121000
El Salvador,2015,124000
El Salvador,2016,100000
El Salvador,2017,96000
El Salvador,2018,99000
El Salvador,2019,102000
El Salvador,2020,82000
El Salvador,2021,103000
El Salvador,2022,89000
Estonia,1994,3000
Estonia,2008,0
Estonia,2009,0
Estonia,2010,0
Ethiopia,2008,150000
Ethiopia,2009,150000
Ethiopia,2010,150000
Ethiopia,2011,130000
Ethiopia,2012,130000
Ethiopia,2013,130000
Ethiopia,2014,130000
Ethiopia,2015,0
Finland,1970,1169000
Finland,1971,1025000
Finland,1972,1456000
Finland,1973,1615000
Finland,1974,1656000
Finland,1975,1618000
Finland,1976,1644000
Finland,1977,2196000
Finland,1978,2333000
Finland,1979,2463000
Finland,1980,2509000
Finland,1981,2427000
Finland,1982,2413943
Finland,1983,2415931
Finland,1984,1925246
Finland,1985,1765279
Finland,1986,1700729
Finland,1987,1765872
Finland,1988,1802900
Finland,1989,1877641
Finland,1990,1899130
Finland,1991,1975373
Finland,1992,1996573
Finland,1993,3256000
Finland,1994,3420000
Finland,1995,3175671
Finland,1996,3301436
Finland,1997,3734299
Finland,1998,3951589
Finland,1999,3955658
Finland,2000,4096389
Finland,2001,3938122
Finland,2002,4002914
Finland,2003,4766203
Finland,2004,4832427
Finland,2005,4738446
Finland,2006,5053714
Finland,2007,4430726
Finland,2008,4416792
Finland,2009,3066000
Finland,2010,4029000
Finland,2011,3989000
Finland,2012,3759000
Finland,2013,3517000
Finland,2014,3808000
Finland,2015,3988000
Finland,2016,4102000
Finland,2017,4003634
Finland,2018,4100000
Finland,2019,3511000
Finland,2020,3482000
Finland,2021,4322000
Finland,2022,3462000
France,1970,23773000
France,1971,22859000
France,1972,24054000
France,1973,25264000
France,1974,27023000
France,1975,21530000
France,1976,23221000
France,1977,22094000
France,1978,22841000
France,1979,23360000
France,1980,23176000
France,1981,21258000
France,1982,18402000
France,1983,17582000
France,1984,19000000
France,1985,18808000
France,1986,17865000
France,1987,17693000
France,1988,19122361
France,1989,19334696
France,1990,19015731
France,1991,18434148
France,1992,17972490
France,1993,17106405
France,1994,18030510
France,1995,18100061
France,1996,17632984
France,1997,19767457
France,1998,20126200
France,1999,20199977
France,2000,20742738
France,2001,19190552
France,2002,20258473
France,2003,19757864
France,2004,20770252
France,2005,19480777
France,2006,19852125
France,2007,19249862
France,2008,17879161
France,2009,12840108
France,2010,15413577
France,2011,15780639
France,2012,15607227
France,2013,15685350
France,2014,16143625
France,2015,14984045
France,2016,14412574
France,2017,15504683
France,2018,15387355
France,2019,14449651
France,2020,11595698
France,2021,13946700
France,2022,12118600
Georgia,1992,532000
Georgia,1993,221677
Georgia,1994,121218
Georgia,1995,88400
Georgia,1996,82681
Georgia,1997,103152
Georgia,1998,56353
Georgia,1999,7036
Georgia,2000,50
Germany,1991,42169000
Germany,1992,39711000
Germany,1993,37625000
Germany,1994,40837000
Germany,1995,42051000
Germany,1996,39793000
Germany,1997,45007000
Germany,1998,44046000
Germany,1999,42062000
Germany,2000,46376000
Germany,2001,44803000
Germany,2002,45015000
Germany,2003,44809000
Germany,2004,46374000
Germany,2005,44524000
Germany,2006,47223000
Germany,2007,48550000
Germany,2008,45832000
Germany,2009,32670000
Germany,2010,43830000
Germany,2011,44284000
Germany,2012,42661000
Germany,2013,42645000
Germany,2014,42943000
Germany,2015,42674000
Germany,2016,42081000
Germany,2017,43297000
Germany,2018,42435000
Germany,2019,39667000
Germany,2020,40000000
Germany,2021,40000000
Germany,2022,37000000
Germany,2023,33000000
Ghana,1993,19000
Ghana,1994,20000
Ghana,2008,25000
Ghana,2009,25000
Ghana,2010,25000
Ghana,2011,25000
Ghana,2012,25000
Ghana,2013,25000
Ghana,2014,25000
Ghana,2015,25000
Ghana,2016,200000
Ghana,2017,250000
Ghana,2018,400000
Ghana,2019,400000
Ghana,2020,400000
Ghana,2021,400000
Ghana,2022,400000
Greece,1970,450000
Greece,1971,477000
Greece,1972,671000
Greece,1973,671000
Greece,1974,612000
Greece,1975,1100000
Greece,1976,700000
Greece,1977,760000
Greece,1978,936000
Greece,1979,1141289
Greece,1980,935000
Greece,1981,909000
Greece,1982,933000
Greece,1983,868000
Greece,1984,898000
Greece,1985,985000
Greece,1986,1010000
Greece,1987,907000
Greece,1988,959000
Greece,1989,957000
Greece,1990,999000
Greece,1991,980000
Greece,1992,923510
Greece,1993,979551
Greece,1994,847612
Greece,1995,939170
Greece,1996,846885
Greece,1997,1016000
Greece,1998,1109000
Greece,1999,951000
Greece,2000,1088000
Greece,2001,1281000
Greece,2002,1835000
Greece,2003,1701000
Greece,2004,1967000
Greece,2005,2266000
Greece,2006,2416000
Greece,2007,2554000
Greece,2008,2477000
Greece,2009,2000000
Greece,2010,1821000
Greece,2011,1934000
Greece,2012,1247000
Greece,2013,1030000
Greece,2014,1022000
Greece,2015,1067000
Greece,2016,1199000
Greece,2017,1359000
Greece,2018,1467000
Greece,2019,1350000
Greece,2020,1408000
Greece,2021,1498000
Greece,2022,1543000
Guatemala,2000,167000
Guatemala,2001,202000
Guatemala,2002,216000
Guatemala,2003,226000
Guatemala,2004,232000
Guatemala,2005,207000
Guatemala,2006,292000
Guatemala,2007,349000
Guatemala,2008,250000
Guatemala,2009,224000
Guatemala,2010,274000
Guatemala,2011,294000
Guatemala,2012,334000
Guatemala,2013,385000
Guatemala,2014,395000
Guatemala,2015,403000
Guatemala,2016,314000
Guatemala,2017,293800
Guatemala,2018,299700
Guatemala,2019,305700
Guatemala,2020,242600
Guatemala,2021,306900
Guatemala,2022,271100
Hong Kong,1979,120000
Hong Kong,1980,120000
Hong Kong,1981,120000
Hong Kong,1982,120000
Hong Kong,1983,120000
Hong Kong,1984,120000
Hong Kong,1985,120000
Hong Kong,1986,120000
Hong Kong,1987,120000
Hong Kong,1988,120000
Hong Kong,1989,150000
Hong Kong,1990,150000
Hong Kong,1991,150000
Hong Kong,1992,150000
Hong Kong,1993,150000
Hong Kong,1994,150000
Hong Kong,1995,150000
Hong Kong,1996,100000
Hong Kong,1997,100000
Hong Kong,1998,100000
Hong Kong,1999,100000
Hong Kong,2000,100000
Hong Kong,2001,100000
Hong Kong,2002,100000
Hong Kong,2003,100000
Hungary,1970,3157000
Hungary,1971,3161000
Hungary,1972,3325000
Hungary,1973,3377000
Hungary,1974,3157000
Hungary,1975,3730000
Hungary,1976,3712000
Hungary,1977,3782000
Hungary,1978,3877000
Hungary,1979,3908000
Hungary,1980,3764000
Hungary,1981,3643000
Hungary,1982,3702000
Hungary,1983,3616000
Hungary,1984,3750000
Hungary,1985,3646000
Hungary,1986,3713000
Hungary,1987,3621000
Hungary,1988,3583000
Hungary,1989,3356000
Hungary,1990,2963000
Hungary,1991,1930000
Hungary,1992,1541000
Hungary,1993,1753000
Hungary,1994,1937000
Hungary,1995,1864657
Hungary,1996,2059942
Hungary,1997,1818523
Hungary,1998,1940110
Hungary,1999,1919739
Hungary,2000,1969821
Hungary,2001,2064507
Hungary,2002,2138146
Hungary,2003,2044526
Hungary,2004,1944017
Hungary,2005,2004250
Hungary,2006,2084000
Hungary,2007,2227000
Hungary,2008,2097000
Hungary,2009,1403000
Hungary,2010,1681000
Hungary,2011,1729000
Hungary,2012,1543000
Hungary,2013,883000
Hungary,2014,1152000
Hungary,2015,1675000
Hungary,2016,1279000
Hungary,2017,1900000
Hungary,2018,1989000
Hungary,2019,1769000
Hungary,2020,1513000
Hungary,2021,1099800
Hungary,2022,857200
India,1970,6232000
India,1971,6322000
India,1972,6842000
India,1973,6882000
India,1974,6820000
India,1975,7829000
India,1976,9403000
India,1977,9852000
India,1978,9917000
India,1979,9936000
India,1980,9358000
India,1981,10602000
India,1982,10834000
India,1983,10364000
India,1984,10084000
India,1985,10613000
India,1986,11332000
India,1987,11984000
India,1988,12682000
India,1989,12542000
India,1990,14963000
India,1991,17100000
India,1992,18117000
India,1993,18155000
India,1994,19282000
India,1995,22003000
India,1996,23753000
India,1997,24415000
India,1998,23480000
India,1999,24296000
India,2000,26924000
India,2001,27291000
India,2002,28814000
India,2003,31779000
India,2004,32626000
India,2005,45780000
India,2006,49450000
India,2007,53468000
India,2008,57791000
India,2009,63527000
India,2010,70672000
India,2011,74291000
India,2012,78416000
India,2013,81694000
India,2014,88979000
India,2015,89790000
India,2016,108950000
India,2017,112783000
India,2018,109272000
India,2019,111350700
India,2020,100000000
India,2021,118000000
India,2022,125000000
India,2023,140000000
Indonesia,1974,80000
Indonesia,1975,100000
Indonesia,1976,139000
Indonesia,1977,145000
Indonesia,1978,225000
Indonesia,1979,305000
Indonesia,1980,360000
Indonesia,1981,500000
Indonesia,1982,500000
Indonesia,1983,800000
Indonesia,1984,1171000
Indonesia,1985,1374000
Indonesia,1986,1729000
Indonesia,1987,2059000
Indonesia,1988,2054000
Indonesia,1989,2383000
Indonesia,1990,2892000
Indonesia,1991,3250000
Indonesia,1992,3171072
Indonesia,1993,1947511
Indonesia,1994,3220000
Indonesia,1995,4130000
Indonesia,1996,4109000
Indonesia,1997,3816176
Indonesia,1998,2698814
Indonesia,1999,2890749
Indonesia,2000,2848099
Indonesia,2001,2780607
Indonesia,2002,2459928
Indonesia,2003,2042233
Indonesia,2004,3681865
Indonesia,2005,3675442
Indonesia,2006,3759000
Indonesia,2007,4160000
Indonesia,2008,3915000
Indonesia,2009,3501000
Indonesia,2010,3664000
Indonesia,2011,3621000
Indonesia,2012,2254472
Indonesia,2013,2644111
Indonesia,2014,4351245
Indonesia,2015,4854200
Indonesia,2016,4745908
Indonesia,2017,5195100
Indonesia,2018,6183000
Indonesia,2019,8564800
Indonesia,2020,12871400
Indonesia,2021,14834800
Indonesia,2022,15570000
Iran,1974,567000
Iran,1975,551000
Iran,1976,549000
Iran,1977,544000
Iran,1978,780000
Iran,1979,1430000
Iran,1980,1180000
Iran,1981,1180000
Iran,1982,1200000
Iran,1983,1200000
Iran,1984,854000
Iran,1985,850000
Iran,1986,850000
Iran,1987,895109
Iran,1988,1003582
Iran,1989,1148175
Iran,1990,1583606
Iran,1991,2406099
Iran,1992,3081311
Iran,1993,4095744
Iran,1994,4746755
Iran,1995,4639873
Iran,1996,5895965
Iran,1997,6059375
Iran,1998,5608000
Iran,1999,6304366
Iran,2000,6614519
Iran,2001,6927108
Iran,2002,7477086
Iran,2003,7990971
Iran,2004,8682000
Iran,2005,9404000
Iran,2006,9789000
Iran,2007,10051000
Iran,2008,9964000
Iran,2009,10873000
Iran,2010,11995000
Iran,2011,14037000
Iran,2012,14395000
Iran,2013,15631000
Iran,2014,16257000
Iran,2015,14496936
Iran,2016,15143286
Iran,2017,18143471
Iran,2018,19344198
Iran,2019,20938860
Iran,2020,29000000
Iran,2021,28000000
Iran,2022,30000000
Iran,2023,30000000
Iraq,2018,200000
Iraq,2019,300000
Iraq,2020,300000
Iraq,2021,300000
Iraq,2022,300000
Ireland,1970,78000
Ireland,1972,77000
Ireland,1973,116000
Ireland,1974,112000
Ireland,1975,82000
Ireland,1976,58000
Ireland,1977,58000
Ireland,1978,66000
Ireland,1979,80000
Ireland,1980,40000
Ireland,1981,40000
Ireland,1982,60000
Ireland,1983,140000
Ireland,1984,166000
Ireland,1985,203000
Ireland,1986,208000
Ireland,1987,220000
Ireland,1988,271000
Ireland,1989,324000
Ireland,1990,330000
Ireland,1991,322000
Ireland,1992,265000
Ireland,1993,293000
Ireland,1994,316000
Ireland,1995,309900
Ireland,1996,340510
Ireland,1997,336361
Ireland,1998,354780
Ireland,1999,335000
Ireland,2000,360000
Ireland,2001,150000
Israel,1970,120000
Israel,1971,120000
Israel,1972,120000
Israel,1973,120000
Israel,1974,75000
Israel,1975,60000
Israel,1976,80000
Israel,1977,70000
Israel,1978,90000
Israel,1979,107000
Israel,1980,115000
Israel,1981,114000
Israel,1982,87000
Israel,1983,83000
Israel,1984,92000
Israel,1985,100000
Israel,1986,110000
Israel,1987,116000
Israel,1988,99000
Israel,1989,100000
Israel,1990,135000
Israel,1991,120000
Israel,1992,109000
Israel,1993,120000
Israel,1994,180000
Israel,1995,220000
Israel,1996,265000
Israel,1997,270000
Israel,1998,280000
Israel,1999,280000
Israel,2000,280000
Israel,2001,280000
Israel,2002,150000
Israel,2003,150000
Israel,2004,280000
Israel,2005,300000
Israel,2006,300000
Israel,2007,300000
Israel,2008,300000
Israel,2009,300000
Israel,2010,300000
Israel,2011,300000
Israel,2012,300000
Israel,2013,300000
Israel,2014,300000
Israel,2015,300000
Israel,2016,300000
Israel,2017,300000
Israel,2018,300000
Israel,2019,300000
Israel,2020,300000
Israel,2021,300000
Israel,2022,300000
Italy,1970,17277000
Italy,1971,17452000
Italy,1972,19815000
Italy,1973,20995000
Italy,1974,23803000
Italy,1975,21836000
Italy,1976,23447000
Italy,1977,23334000
Italy,1978,24283000
Italy,1979,24249836
Italy,1980,26501381
Italy,1981,24777415
Italy,1982,24009490
Italy,1983,21810787
Italy,1984,24061187
Italy,1985,23897592
Italy,1986,22881951
Italy,1987,22858742
Italy,1988,23760369
Italy,1989,25212942
Italy,1990,25466928
Italy,1991,25112000
Italy,1992,24835000
Italy,1993,25721000
Italy,1994,26151000
Italy,1995,27766000
Italy,1996,23911000
Italy,1997,25841000
Italy,1998,25678000
Italy,1999,24738000
Italy,2000,26759000
Italy,2001,26544000
Italy,2002,26302000
Italy,2003,27058000
Italy,2004,28603000
Italy,2005,29349000
Italy,2006,31624000
Italy,2007,31506000
Italy,2008,30590000
Italy,2009,19848000
Italy,2010,25750000
Italy,2011,28735000
Italy,2012,27252000
Italy,2013,24091000
Italy,2014,23715000
Italy,2015,21956000
Italy,2016,23312000
Italy,2017,24007000
Italy,2018,24495800
Italy,2019,23190400
Italy,2020,20000000
Italy,2021,24000000
Italy,2022,22000000
Italy,2023,20000000
Japan,1970,93322000
Japan,1971,88558000
Japan,1972,96900000
Japan,1973,119323000
Japan,1974,117131000
Japan,1975,102314000
Japan,1976,107399000
Japan,1977,102405000
Japan,1978,102103000
Japan,1979,111748000
Japan,1980,111395000
Japan,1981,101676000
Japan,1982,99548000
Japan,1983,97179000
Japan,1984,105586000
Japan,1985,105279000
Japan,1986,98275000
Japan,1987,98513000
Japan,1988,105681000
Japan,1989,107908000
Japan,1990,110331331
Japan,1991,109649146
Japan,1992,98132000
Japan,1993,99623000
Japan,1994,98294563
Japan,1995,101639573
Japan,1996,98800671
Japan,1997,104544796
Japan,1998,93547990
Japan,1999,94192400
Japan,2000,106444468
Japan,2001,102865950
Japan,2002,107745000
Japan,2003,110510520
Japan,2004,112717664
Japan,2005,112471374
Japan,2006,116226201
Japan,2007,120202937
Japan,2008,118739328
Japan,2009,87534137
Japan,2010,109598507
Japan,2011,107601194
Japan,2012,107232297
Japan,2013,110594771
Japan,2014,110666068
Japan,2015,105134378
Japan,2016,104775329
Japan,2017,104661087
Japan,2018,104318836
Japan,2019,99284114
Japan,2020,83000000
Japan,2021,96000000
Japan,2022,89000000
Japan,2023,87000000
Jordan,1975,182000
Jordan,1976,98000
Jordan,1977,50000
Jordan,1978,60000
Jordan,1979,78028
Jordan,1980,89786
Jordan,1981,123418
Jordan,1982,156369
Jordan,1983,148196
Jordan,1984,112502
Jordan,1985,136266
Jordan,1986,136000
Jordan,1987,217000
Jordan,1988,200000
Jordan,1989,176500
Jordan,1990,179100
Jordan,1991,200300
Jordan,1992,30000
Jordan,1993,30000
Jordan,2000,144447
Jordan,2001,164376
Jordan,2002,134000
Jordan,2003,135000
Jordan,2004,140000
Jordan,2005,150000
Jordan,2006,150000
Jordan,2007,150000
Jordan,2008,150000
Jordan,2009,150000
Jordan,2010,150000
Jordan,2011,150000
Jordan,2012,200000
Jordan,2013,200000
Jordan,2014,250000
Jordan,2015,300000
Jordan,2016,330000
Jordan,2017,330000
Jordan,2018,350000
Jordan,2019,350000
Jordan,2020,350000
Jordan,2021,350000
Jordan,2022,350000
Kazakhstan,1992,5675000
Kazakhstan,1993,4279000
Kazakhstan,1994,2968544
Kazakhstan,1995,3026592
Kazakhstan,1996,3216596
Kazakhstan,1997,3880248
Kazakhstan,1998,3116500
Kazakhstan,1999,4105100
Kazakhstan,2000,4799000
Kazakhstan,2001,4691000
Kazakhstan,2002,4866000
Kazakhstan,2003,5069400
Kazakhstan,2004,5371698
Kazakhstan,2005,4476642
Kazakhstan,2006,4244521
Kazakhstan,2007,4784105
Kazakhstan,2008,4243582
Kazakhstan,2009,4146000
Kazakhstan,2010,4220000
Kazakhstan,2011,4699000
Kazakhstan,2012,3676000
Kazakhstan,2013,3275000
Kazakhstan,2014,4014860
Kazakhstan,2015,3902617
Kazakhstan,2016,4264114
Kazakhstan,2017,4657009
Kazakhstan,2018,4005982
Kazakhstan,2019,4130601
Kazakhstan,2020,4009402
Kazakhstan,2021,4526071
Kazakhstan,2022,4139300
Kenya,1993,20000
Kenya,1994,20000
Kenya,2009,20000
Kenya,2010,20000
Kenya,2011,20000
Kenya,2012,20000
Kenya,2013,20000
Kenya,2014,20000
Kenya,2015,20000
Kenya,2016,20000
Kenya,2017,350000
Kenya,2018,375000
Kenya,2019,400000
Kenya,2020,385000
Kenya,2021,485000
Kenya,2022,450000
Kosovo,2012,120000
Kosovo,2013,120000
Kosovo,2014,150000
Kuwait,2002,0
Kuwait,2003,100000
Kuwait,2004,200000
Kuwait,2005,450000
Kuwait,2006,500000
Kuwait,2007,500000
Kuwait,2008,500000
Kuwait,2009,500000
Kuwait,2010,500000
Kuwait,2011,500000
Kuwait,2012,500000
Kuwait,2013,500000
Kuwait,2017,0
Kuwait,2018,1300000
Kuwait,2019,1270000
Kuwait,2020,1300000
Kuwait,2021,1300000
Kuwait,2022,1300000
Latvia,1992,247800
Latvia,1993,300393
Latvia,1994,331955
Latvia,1995,279326
Latvia,1996,293166
Latvia,1997,464529
Latvia,1998,470835
Latvia,1999,482000
Latvia,2000,500292
Latvia,2001,515000
Latvia,2002,507000
Latvia,2003,546000
Latvia,2004,550000
Latvia,2005,550000
Latvia,2006,690000
Latvia,2007,696000
Latvia,2008,635000
Latvia,2009,692000
Latvia,2010,655000
Latvia,2011,568000
Latvia,2012,805000
Latvia,2013,198000
Latvia,2014,190000
Latvia,2015,190000
Latvia,2016,4000
Latvia,2017,0
Libya,1987,10000
Libya,1988,10000
Libya,1989,10000
Libya,1990,492000
Libya,1991,718000
Libya,1992,822000
Libya,1993,920000
Libya,1994,874000
Libya,1995,909000
Libya,1996,863000
Libya,1997,897000
Libya,1998,874000
Libya,1999,966000
Libya,2000,1055000
Libya,2001,846000
Libya,2002,886000
Libya,2003,1007000
Libya,2004,1026000
Libya,2005,1255000
Libya,2006,1151000
Libya,2007,1250000
Libya,2008,1137000
Libya,2009,914000
Libya,2010,825000
Libya,2011,100000
Libya,2012,315000
Libya,2013,712000
Libya,2014,968000
Libya,2015,352000
Libya,2016,491500
Libya,2017,421648
Libya,2018,396342
Libya,2019,606153
Libya,2020,538176
Libya,2021,651700
Libya,2022,687800
Lithuania,1993,2100
Lithuania,1994,1000
Luxembourg,1970,5462000
Luxembourg,1971,5241000
Luxembourg,1972,5457000
Luxembourg,1973,5924000
Luxembourg,1974,6448000
Luxembourg,1975,4624000
Luxembourg,1976,4566000
Luxembourg,1977,4329000
Luxembourg,1978,4790000
Luxembourg,1979,4949698
Luxembourg,1980,4618650
Luxembourg,1981,3790320
Luxembourg,1982,3509850
Luxembourg,1983,3293760
Luxembourg,1984,3987440
Luxembourg,1985,3945275
Luxembourg,1986,3705300
Luxembourg,1987,3301860
Luxembourg,1988,3660890
Luxembourg,1989,3720920
Luxembourg,1990,3560290
Luxembourg,1991,3379440
Luxembourg,1992,3068463
Luxembourg,1993,3292942
Luxembourg,1994,3073268
Luxembourg,1995,2613137
Luxembourg,1996,2501487
Luxembourg,1997,2580219
Luxembourg,1998,2476909
Luxembourg,1999,2600324
Luxembourg,2000,2571243
Luxembourg,2001,2724679
Luxembourg,2002,2736000
Luxembourg,2003,2675000
Luxembourg,2004,2684000
Luxembourg,2005,2194000
Luxembourg,2006,2802000
Luxembourg,2007,2858000
Luxembourg,2008,2582000
Luxembourg,2009,2141000
Luxembourg,2010,2548000
Luxembourg,2011,2521000
Luxembourg,2012,2214000
Luxembourg,2013,2090000
Luxembourg,2014,2193000
Luxembourg,2015,2127000
Luxembourg,2016,2175000
Luxembourg,2017,2172000
Luxembourg,2018,2228000
Luxembourg,2019,2119000
Luxembourg,2020,1886000
Luxembourg,2021,2073000
Luxembourg,2022,1875000
Malaysia,1974,183000
Malaysia,1975,195000
Malaysia,1976,200000
Malaysia,1977,190000
Malaysia,1978,240000
Malaysia,1979,244133
Malaysia,1980,236339
Malaysia,1981,233128
Malaysia,1982,245683
Malaysia,1983,241057
Malaysia,1984,350000
Malaysia,1985,400000
Malaysia,1986,450000
Malaysia,1987,680000
Malaysia,1988,925000
Malaysia,1989,1000000
Malaysia,1990,1100000
Malaysia,1991,1130000
Malaysia,1992,1559000
Malaysia,1993,1807000
Malaysia,1994,2046000
Malaysia,1995,2450000
Malaysia,1996,3216000
Malaysia,1997,2962000
Malaysia,1998,1902709
Malaysia,1999,2770000
Malaysia,2000,3650000
Malaysia,2001,4100000
Malaysia,2002,4721800
Malaysia,2003,3960000
Malaysia,2004,5698000
Malaysia,2005,5296000
Malaysia,2006,5834000
Malaysia,2007,6895000
Malaysia,2008,6423000
Malaysia,2009,5354000
Malaysia,2010,5694000
Malaysia,2011,5941000
Malaysia,2012,5611538
Malaysia,2013,4693120
Malaysia,2014,4316000
Malaysia,2015,3783572
Malaysia,2016,3781668
Malaysia,2017,3772057
Malaysia,2018,4108500
Malaysia,2019,6948500
Malaysia,2020,6618500
Malaysia,2021,6900000
Malaysia,2022,10000000
Mauritania,1993,7000
Mauritania,1994,7000
Mauritania,2009,5000
Mauritania,2010,5000
Mauritania,2011,5000
Mauritania,2012,7000
Mauritania,2013,5000
Mauritania,2014,5000
Mauritania,2015,5000
Mauritania,2016,5000
Mauritania,2017,5000
Mauritania,2018,5000
Mauritania,2019,5000
Mauritania,2020,5000
Mauritania,2021,5000
Mauritania,2022,5000
Mexico,1970,3840000
Mexico,1971,3774000
Mexico,1972,4413000
Mexico,1973,4760000
Mexico,1974,5138000
Mexico,1975,5272000
Mexico,1976,5298000
Mexico,1977,5601000
Mexico,1978,6775000
Mexico,1979,7117254
Mexico,1980,7156069
Mexico,1981,7673000
Mexico,1982,7055720
Mexico,1983,6977796
Mexico,1984,7559975
Mexico,1985,7367532
Mexico,1986,7225118
Mexico,1987,7642259
Mexico,1988,7778655
Mexico,1989,7851601
Mexico,1990,8734219
Mexico,1991,7964016
Mexico,1992,8459429
Mexico,1993,9198784
Mexico,1994,10260109
Mexico,1995,12147446
Mexico,1996,13171832
Mexico,1997,14218339
Mexico,1998,14218050
Mexico,1999,15274187
Mexico,2000,15631312
Mexico,2001,13300007
Mexico,2002,14010000
Mexico,2003,15158768
Mexico,2004,16737037
Mexico,2005,16282299
Mexico,2006,16446939
Mexico,2007,17572676
Mexico,2008,17209020
Mexico,2009,14131810
Mexico,2010,16869675
Mexico,2011,18110111
Mexico,2012,18073052
Mexico,2013,18242195
Mexico,2014,18995283
Mexico,2015,18228000
Mexico,2016,18811000
Mexico,2017,19995000
Mexico,2018,20440000
Mexico,2019,18692000
Mexico,2020,17000000
Mexico,2021,18000000
Mexico,2022,18000000
Mexico,2023,20000000
Moldova,1992,619000
Moldova,1993,604000
Moldova,1994,633000
Moldova,1995,663000
Moldova,1996,646000
Moldova,1997,811000
Moldova,1998,735000
Moldova,1999,796300
Moldova,2000,908000
Moldova,2001,967000
Moldova,2002,514000
Moldova,2003,850000
Moldova,2004,1011000
Moldova,2005,1016000
Moldova,2006,784000
Moldova,2007,965000
Moldova,2008,885000
Moldova,2009,380000
Moldova,2010,242000
Moldova,2011,321000
Moldova,2012,335000
Moldova,2013,190000
Moldova,2014,351000
Moldova,2015,443000
Moldova,2016,126000
Moldova,2017,469000
Moldova,2018,497200
Moldova,2019,392100
Moldova,2020,465000
Moldova,2021,570000
Moldova,2022,560000
Mongolia,1995,15600
Mongolia,1996,19200
Mongolia,1997,22700
Mongolia,1998,16300
Mongolia,1999,13100
Mongolia,2004,35000
Mongolia,2005,35000
Mongolia,2006,35000
Mongolia,2007,35000
Mongolia,2008,84900
Mongolia,2009,53000
Mongolia,2010,68000
Mongolia,2011,63600
Mongolia,2012,72400
Mongolia,2013,40000
Mongolia,2014,45000
Mongolia,2015,45000
Mongolia,2016,50000
Mongolia,2017,50000
Mongolia,2018,50000
Mongolia,2019,50000
Mongolia,2020,50000
Mongolia,2021,50000
Mongolia,2022,50000
Montenegro,2006,193165
Montenegro,2007,173849
Montenegro,2008,201623
Montenegro,2009,90404
Montenegro,2010,48272
Montenegro,2011,61164
Montenegro,2012,28161
Montenegro,2013,19723
Montenegro,2014,15000
Montenegro,2015,36602
Montenegro,2016,26246
Montenegro,2017,27638
Montenegro,2018,26552
Montenegro,2019,24262
Montenegro,2020,19364
Montenegro,2021,3042
Montenegro,2022,5000
Morocco,1993,7000
Morocco,1994,7000
Morocco,2005,205000
Morocco,2006,314000
Morocco,2007,512000
Morocco,2008,478000
Morocco,2009,499000
Morocco,2010,485000
Morocco,2011,654000
Morocco,2012,539000
Morocco,2013,558000
Morocco,2014,501000
Morocco,2015,516000
Morocco,2016,520000
Morocco,2017,550000
Morocco,2018,520000
Morocco,2019,500000
Morocco,2020,320000
Morocco,2021,500000
Morocco,2022,450000
Myanmar,1970,21000
Myanmar,1971,21000
Myanmar,1972,20000
Myanmar,1973,20000
Myanmar,1993,11400
Myanmar,1994,16500
Myanmar,2005,25000
Myanmar,2006,25000
Myanmar,2007,25000
Myanmar,2008,25000
Myanmar,2009,25000
Myanmar,2010,25000
Myanmar,2011,50000
Myanmar,2012,50000
Myanmar,2013,70000
Myanmar,2014,100000
Myanmar,2015,150000
Myanmar,2016,200000
Myanmar,2017,250000
Myanmar,2018,300000
Myanmar,2019,350000
Myanmar,2020,350000
Myanmar,2021,400000
Myanmar,2022,400000
Netherlands,1970,5042000
Netherlands,1971,5083000
Netherlands,1972,5585000
Netherlands,1973,5624000
Netherlands,1974,5840000
Netherlands,1975,4823000
Netherlands,1976,5189000
Netherlands,1977,4927000
Netherlands,1978,5590000
Netherlands,1979,5805900
Netherlands,1980,5271800
Netherlands,1981,5472100
Netherlands,1982,4345800
Netherlands,1983,4477300
Netherlands,1984,5738700
Netherlands,1985,5517300
Netherlands,1986,5283000
Netherlands,1987,5082100
Netherlands,1988,5517900
Netherlands,1989,5680600
Netherlands,1990,5411800
Netherlands,1991,5171300
Netherlands,1992,5439000
Netherlands,1993,6000100
Netherlands,1994,6171200
Netherlands,1995,6409100
Netherlands,1996,6326000
Netherlands,1997,6641000
Netherlands,1998,6225000
Netherlands,1999,5947000
Netherlands,2000,5492000
Netherlands,2001,5902000
Netherlands,2002,6117000
Netherlands,2003,6561000
Netherlands,2004,6848000
Netherlands,2005,6919000
Netherlands,2006,6372000
Netherlands,2007,7368000
Netherlands,2008,6853000
Netherlands,2009,5194000
Netherlands,2010,6651000
Netherlands,2011,6937000
Netherlands,2012,6879000
Netherlands,2013,6713000
Netherlands,2014,6964000
Netherlands,2015,6995000
Netherlands,2016,6917000
Netherlands,2017,6781300
Netherlands,2018,6813000
Netherlands,2019,6656900
Netherlands,2020,6053700
Netherlands,2021,6620400
Netherlands,2022,6143000
New Zealand,1974,194000
New Zealand,1975,185000
New Zealand,1976,200000
New Zealand,1977,222000
New Zealand,1978,215000
New Zealand,1979,220734
New Zealand,1980,217360
New Zealand,1981,231384
New Zealand,1982,251847
New Zealand,1983,233413
New Zealand,1984,273840
New Zealand,1985,227925
New Zealand,1986,291063
New Zealand,1987,315000
New Zealand,1988,538000
New Zealand,1989,718000
New Zealand,1990,791000
New Zealand,1991,800000
New Zealand,1992,632219
New Zealand,1993,670104
New Zealand,1994,772296
New Zealand,1995,865155
New Zealand,1996,774736
New Zealand,1997,768631
New Zealand,1998,756000
New Zealand,1999,775000
New Zealand,2000,702000
New Zealand,2001,826000
New Zealand,2002,765000
New Zealand,2003,853000
New Zealand,2004,885000
New Zealand,2005,889000
New Zealand,2006,810000
New Zealand,2007,845000
New Zealand,2008,799000
New Zealand,2009,765000
New Zealand,2010,853000
New Zealand,2011,844000
New Zealand,2012,912000
New Zealand,2013,900000
New Zealand,2014,881000
New Zealand,2015,793000
New Zealand,2016,577000
New Zealand,2017,657500
New Zealand,2018,651800
New Zealand,2019,667100
New Zealand,2020,585700
New Zealand,2021,645700
New Zealand,2022,569934
Nigeria,1979,15000
Nigeria,1980,20000
Nigeria,1981,22000
Nigeria,1982,90000
Nigeria,1983,182000
Nigeria,1984,180318
Nigeria,1985,250000
Nigeria,1986,134067
Nigeria,1987,136552
Nigeria,1988,139344
Nigeria,1989,150000
Nigeria,1990,131390
Nigeria,1991,137000
Nigeria,1992,140000
Nigeria,1993,191000
Nigeria,1994,58000
Nigeria,2004,40000
Nigeria,2005,100000
Nigeria,2006,100000
Nigeria,2007,100000
Nigeria,2008,100000
Nigeria,2009,100000
Nigeria,2010,100000
Nigeria,2011,100000
Nigeria,2012,100000
Nigeria,2013,100000
Nigeria,2014,100000
Nigeria,2015,100000
Nigeria,2016,100000
Nigeria,2017,600000
Nigeria,2018,650000
Nigeria,2019,650000
Nigeria,2020,650000
Nigeria,2021,650000
Nigeria,2022,650000
North Korea,1970,2200000
North Korea,1971,2400000
North Korea,1972,2500000
North Korea,1973,2600000
North Korea,1974,2700000
North Korea,1975,2900000
North Korea,1976,3000000
North Korea,1977,3000000
North Korea,1978,3200000
North Korea,1979,3400000
North Korea,1980,5800000
North Korea,1981,5500000
North Korea,1982,5800000
North Korea,1983,6100000
North Korea,1984,6500000
North Korea,1985,6500000
North Korea,1986,6600000
North Korea,1987,6730000
North Korea,1988,6830000
North Korea,1989,6930000
North Korea,1990,7000000
North Korea,1991,7000000
North Korea,1992,4000000
North Korea,1993,3500000
North Korea,1994,1600000
North Korea,1995,600000
North Korea,1996,600000
North Korea,1997,600000
North Korea,1998,300000
North Korea,1999,300000
North Korea,2000,300000
North Korea,2001,300000
North Korea,2002,300000
North Korea,2003,1400000
North Korea,2004,1400000
North Korea,2005,1400000
North Korea,2006,1400000
North Korea,2007,1400000
North Korea,2008,1300000
North Korea,2009,1255000
North Korea,2010,1300000
North Korea,2011,1300000
North Korea,2012,1280000
North Korea,2013,1250000
North Korea,2014,1250000
North Korea,2015,1250000
North Korea,2016,1250000
North Korea,2017,1090000
North Korea,2018,810000
North Korea,2019,800000
North Korea,2020,700000
North Korea,2021,700000
North Korea,2022,1950000
North Macedonia,1992,140000
North Macedonia,1993,123000
North Macedonia,1994,92000
North Macedonia,1997,50000
North Macedonia,1998,49000
North Macedonia,1999,49000
North Macedonia,2000,266979
North Macedonia,2001,291098
North Macedonia,2002,261398
North Macedonia,2003,306635
North Macedonia,2004,319873
North Macedonia,2005,321170
North Macedonia,2006,326484
North Macedonia,2007,370317
North Macedonia,2008,344866
North Macedonia,2009,299332
North Macedonia,2010,344866
North Macedonia,2011,348576
North Macedonia,2012,225224
North Macedonia,2013,145633
North Macedonia,2014,196454
North Macedonia,2015,165235
North Macedonia,2016,239084
North Macedonia,2017,271287
North Macedonia,2018,269658
North Macedonia,2019,262144
North Macedonia,2020,236520
North Macedonia,2021,271811
North Macedonia,2022,303409
Norway,1970,870000
Norway,1971,863000
Norway,1972,916000
Norway,1973,951000
Norway,1974,956000
Norway,1975,907000
Norway,1976,898000
Norway,1977,711000
Norway,1978,813000
Norway,1979,920928
Norway,1980,865597
Norway,1981,847170
Norway,1982,767991
Norway,1983,895019
Norway,1984,919685
Norway,1985,964868
Norway,1986,836747
Norway,1987,848623
Norway,1988,897441
Norway,1989,685241
Norway,1990,376416
Norway,1991,437604
Norway,1992,446234
Norway,1993,505318
Norway,1994,455922
Norway,1995,503278
Norway,1996,510850
Norway,1997,585000
Norway,1998,637000
Norway,1999,610000
Norway,2000,679000
Norway,2001,635000
Norway,2002,698000
Norway,2003,703000
Norway,2004,725000
Norway,2005,705000
Norway,2006,684000
Norway,2007,708000
Norway,2008,560000
Norway,2009,595000
Norway,2010,530000
Norway,2011,610000
Norway,2012,700000
Norway,2013,605000
Norway,2014,600000
Norway,2015,590000
Norway,2016,620000
Norway,2017,603100
Norway,2018,574600
Norway,2019,620800
Norway,2020,623800
Norway,2021,622500
Norway,2022,703900
Oman,2018,2000000
Oman,2019,2000000
Oman,2020,2500000
Oman,2021,2800000
Oman,2022,3000000
Pakistan,1982,350000
Pakistan,1983,550000
Pakistan,1984,610000
Pakistan,1985,720092
Pakistan,1986,752000
Pakistan,1987,828000
Pakistan,1988,1200000
Pakistan,1989,1200000
Pakistan,1990,780000
Pakistan,1991,870000
Pakistan,1992,853000
Pakistan,1993,992000
Pakistan,1994,344000
Pakistan,1995,409000
Pakistan,1996,416000
Pakistan,1997,479000
Pakistan,1998,494000
Pakistan,1999,500000
Pakistan,2000,500000
Pakistan,2001,500000
Pakistan,2002,500000
Pakistan,2003,1000000
Pakistan,2004,1145000
Pakistan,2005,825000
Pakistan,2006,1040000
Pakistan,2007,1090000
Pakistan,2008,1000000
Pakistan,2009,800000
Pakistan,2010,800000
Pakistan,2011,1592000
Pakistan,2012,1631000
Pakistan,2013,1845000
Pakistan,2014,2423000
Pakistan,2015,2892000
Pakistan,2016,3553000
Pakistan,2017,4966000
Pakistan,2018,4719000
Pakistan,2019,3304000
Pakistan,2020,3803000
Pakistan,2021,5437700
Pakistan,2022,6013000
Paraguay,1987,13167
Paraguay,1988,62273
Paraguay,1989,54679
Paraguay,1990,47798
Paraguay,1991,60862
Paraguay,1992,85954
Paraguay,1993,76507
Paraguay,1994,87055
Paraguay,1995,94927
Paraguay,1996,95543
Paraguay,1997,65542
Paraguay,1998,56243
Paraguay,1999,55689
Paraguay,2000,76784
Paraguay,2001,70664
Paraguay,2002,79984
Paraguay,2003,91000
Paraguay,2004,115200
Paraguay,2005,100600
Paraguay,2006,115000
Paraguay,2007,95000
Paraguay,2008,82800
Paraguay,2009,54000
Paraguay,2010,59000
Paraguay,2011,28000
Paraguay,2012,44000
Paraguay,2013,45000
Paraguay,2014,47000
Paraguay,2015,48000
Paraguay,2016,35000
Paraguay,2017,24300
Paraguay,2018,25300
Paraguay,2019,26300
Paraguay,2020,23300
Paraguay,2021,26000
Paraguay,2022,24000
Peru,1970,94000
Peru,1971,179000
Peru,1972,181000
Peru,1973,356000
Peru,1974,450000
Peru,1975,432000
Peru,1976,349000
Peru,1977,379000
Peru,1978,374000
Peru,1979,436000
Peru,1980,447000
Peru,1981,364000
Peru,1982,272593
Peru,1983,298979
Peru,1984,336828
Peru,1985,397148
Peru,1986,486201
Peru,1987,495516
Peru,1988,429689
Peru,1989,363881
Peru,1990,269950
Peru,1991,403766
Peru,1992,343244
Peru,1993,417136
Peru,1994,509145
Peru,1995,511789
Peru,1996,578382
Peru,1997,607391
Peru,1998,630687
Peru,1999,558697
Peru,2000,750682
Peru,2001,689790
Peru,2002,611363
Peru,2003,668400
Peru,2004,726300
Peru,2005,789500
Peru,2006,896000
Peru,2007,881000
Peru,2008,1001000
Peru,2009,718000
Peru,2010,867000
Peru,2011,882000
Peru,2012,981000
Peru,2013,1069000
Peru,2014,1078000
Peru,2015,1082000
Peru,2016,1168000
Peru,2017,1207000
Peru,2018,1216500
Peru,2019,1230400
Peru,2020,730700
Peru,2021,1486000
Peru,2022,2866900
Philippines,1974,279000
Philippines,1975,280000
Philippines,1976,393000
Philippines,1977,364000
Philippines,1978,276000
Philippines,1979,397000
Philippines,1980,330000
Philippines,1981,350000
Philippines,1982,350000
Philippines,1983,200000
Philippines,1984,250000
Philippines,1985,250000
Philippines,1986,400000
Philippines,1987,450000
Philippines,1988,500000
Philippines,1989,550000
Philippines,1990,600000
Philippines,1991,605000
Philippines,1992,497000
Philippines,1993,623000
Philippines,1994,473000
Philippines,1995,923000
Philippines,1996,920000
Philippines,1997,980464
Philippines,1998,884000
Philippines,1999,530000
Philippines,2000,426000
Philippines,2001,500000
Philippines,2002,550000
Philippines,2003,500000
Philippines,2004,400000
Philippines,2005,470000
Philippines,2006,558000
Philippines,2007,718000
Philippines,2008,710669
Philippines,2009,824009
Philippines,2010,1050000
Philippines,2011,1200000
Philippines,2012,1260000
Philippines,2013,1308000
Philippines,2014,1196000
Philippines,2015,968000
Philippines,2016,1075000
Philippines,2017,1377600
Philippines,2018,1474800
Philippines,2019,1915000
Philippines,2020,892300
Philippines,2021,2454800
Philippines,2022,1550000
Poland,1970,11792000
Poland,1971,12738000
Poland,1972,13746000
Poland,1973,14057000
Poland,1974,14566000
Poland,1975,15004000
Poland,1976,15639000
Poland,1977,17841000
Poland,1978,19251000
Poland,1979,19218000
Poland,1980,19485100
Poland,1981,15719000
Poland,1982,14794700
Poland,1983,16235900
Poland,1984,16532600
Poland,1985,16126000
Poland,1986,17144000
Poland,1987,17145000
Poland,1988,16873000
Poland,1989,15094000
Poland,1990,13625000
Poland,1991,10432000
Poland,1992,9866500
Poland,1993,9938800
Poland,1994,11113300
Poland,1995,11890400
Poland,1996,10432300
Poland,1997,11585100
Poland,1998,9915125
Poland,1999,8853211
Poland,2000,10498262
Poland,2001,8809211
Poland,2002,8367434
Poland,2003,9107384
Poland,2004,10578482
Poland,2005,8335898
Poland,2006,9991638
Poland,2007,10630716
Poland,2008,9727325
Poland,2009,7128482
Poland,2010,7993025
Poland,2011,8776458
Poland,2012,8542514
Poland,2013,8199353
Poland,2014,8799731
Poland,2015,9337105
Poland,2016,9160660
Poland,2017,10540354
Poland,2018,10336483
Poland,2019,9123107
Poland,2020,7855900
Poland,2021,8552506
Poland,2022,7521057
Portugal,1970,385000
Portugal,1971,412000
Portugal,1972,425000
Portugal,1973,460000
Portugal,1974,386000
Portugal,1975,417000
Portugal,1976,464000
Portugal,1977,534000
Portugal,1978,611000
Portugal,1979,655757
Portugal,1980,663258
Portugal,1981,549908
Portugal,1982,501679
Portugal,1983,673967
Portugal,1984,671105
Portugal,1985,703777
Portugal,1986,738082
Portugal,1987,749171
Portugal,1988,812000
Portugal,1989,762000
Portugal,1990,744000
Portugal,1991,541000
Portugal,1992,768000
Portugal,1993,775000
Portugal,1994,749000
Portugal,1995,828000
Portugal,1996,852000
Portugal,1997,911000
Portugal,1998,906000
Portugal,1999,1038000
Portugal,2000,1089000
Portugal,2001,727000
Portugal,2002,894000
Portugal,2003,1000000
Portugal,2004,1400000
Portugal,2005,1338000
Portugal,2006,1338000
Portugal,2007,1847000
Portugal,2008,1630000
Portugal,2009,1557000
Portugal,2010,1543000
Portugal,2011,1942000
Portugal,2012,1960000
Portugal,2013,2050000
Portugal,2014,2070000
Portugal,2015,2030000
Portugal,2016,2010000
Portugal,2017,2075900
Portugal,2018,2215300
Portugal,2019,2032800
Portugal,2020,2202800
Portugal,2021,1953000
Portugal,2022,1854900
Qatar,1979,384383
Qatar,1980,450449
Qatar,1981,458147
Qatar,1982,483245
Qatar,1983,469000
Qatar,1984,478000
Qatar,1985,533000
Qatar,1986,507000
Qatar,1987,491000
Qatar,1988,527000
Qatar,1989,563000
Qatar,1990,564000
Qatar,1991,564000
Qatar,1992,588059
Qatar,1993,620000
Qatar,1994,572000
Qatar,1995,606000
Qatar,1996,616000
Qatar,1997,608000
Qatar,1998,637000
Qatar,1999,629000
Qatar,2000,729000
Qatar,2001,891000
Qatar,2002,1027000
Qatar,2003,1055000
Qatar,2004,1089000
Qatar,2005,1057000
Qatar,2006,1039220
Qatar,2007,1174917
Qatar,2008,1434652
Qatar,2009,1472612
Qatar,2010,1974937
Qatar,2011,2005000
Qatar,2012,2148000
Qatar,2013,2236000
Qatar,2014,2867000
Qatar,2015,2594000
Qatar,2016,2521000
Qatar,2017,2645000
Qatar,2018,2575000
Qatar,2019,2558000
Qatar,2020,1218100
Qatar,2021,1001800
Qatar,2022,1082000
Romania,1970,6517000
Romania,1971,6803000
Romania,1972,7401000
Romania,1973,8161000
Romania,1974,8848000
Romania,1975,9549000
Romania,1976,10733000
Romania,1977,11457000
Romania,1978,11779000
Romania,1979,12909000
Romania,1980,13175000
Romania,1981,13025000
Romania,1982,13055000
Romania,1983,12593000
Romania,1984,14437000
Romania,1985,13795000
Romania,1986,14276000
Romania,1987,13885000
Romania,1988,14314000
Romania,1989,14411000
Romania,1990,9761000
Romania,1991,7110000
Romania,1992,5376000
Romania,1993,5446000
Romania,1994,5800000
Romania,1995,6556900
Romania,1996,6083000
Romania,1997,6675000
Romania,1998,6335896
Romania,1999,4391746
Romania,2000,4671967
Romania,2001,4935623
Romania,2002,5490434
Romania,2003,5692496
Romania,2004,6076600
Romania,2005,6280000
Romania,2006,6266036
Romania,2007,6269486
Romania,2008,5035164
Romania,2009,2772679
Romania,2010,3720775
Romania,2011,3828000
Romania,2012,3292000
Romania,2013,3073411
Romania,2014,3192879
Romania,2015,3423421
Romania,2016,3369582
Romania,2017,3442786
Romania,2018,3529286
Romania,2019,3421199
Romania,2020,2818866
Romania,2021,3375400
Romania,2022,2625300
Russia,1992,67000000
Russia,1993,58300000
Russia,1994,48812000
Russia,1995,51589000
Russia,1996,49253000
Russia,1997,48502000
Russia,1998,43673000
Russia,1999,51518000
Russia,2000,59136000
Russia,2001,58970000
Russia,2002,59882574
Russia,2003,62839334
Russia,2004,65582851
Russia,2005,66300000
Russia,2006,70800000
Russia,2007,72400000
Russia,2008,68700000
Russia,2009,59200000
Russia,2010,66300000
Russia,2011,68400000
Russia,2012,70400000
Russia,2013,68800000
Russia,2014,70300000
Russia,2015,69400000
Russia,2016,69600000
Russia,2017,72968168
Russia,2018,74144495
Russia,2019,73740141
Russia,2020,72000000
Russia,2021,76000000
Russia,2022,72000000
Russia,2023,75000000
Saudi Arabia,1979,45000
Saudi Arabia,1980,50000
Saudi Arabia,1981,72000
Saudi Arabia,1982,70000
Saudi Arabia,1983,275000
Saudi Arabia,1984,842000
Saudi Arabia,1985,1106000
Saudi Arabia,1986,1100000
Saudi Arabia,1987,1365000
Saudi Arabia,1988,1614000
Saudi Arabia,1989,1768000
Saudi Arabia,1990,1790000
Saudi Arabia,1991,1783000
Saudi Arabia,1992,1866000
Saudi Arabia,1993,2318000
Saudi Arabia,1994,2411000
Saudi Arabia,1995,2451000
Saudi Arabia,1996,2683000
Saudi Arabia,1997,2539000
Saudi Arabia,1998,2356000
Saudi Arabia,1999,2610000
Saudi Arabia,2000,2981000
Saudi Arabia,2001,3413000
Saudi Arabia,2002,3570000
Saudi Arabia,2003,3944000
Saudi Arabia,2004,3902000
Saudi Arabia,2005,4186000
Saudi Arabia,2006,3974000
Saudi Arabia,2007,4644000
Saudi Arabia,2008,4667000
Saudi Arabia,2009,4690000
Saudi Arabia,2010,5015000
Saudi Arabia,2011,5275000
Saudi Arabia,2012,5203000
Saudi Arabia,2013,5471000
Saudi Arabia,2014,6291000
Saudi Arabia,2015,5662000
Saudi Arabia,2016,5461000
Saudi Arabia,2017,4831400
Saudi Arabia,2018,8187000
Saudi Arabia,2019,8191000
Saudi Arabia,2020,7775000
Saudi Arabia,2021,8735000
Saudi Arabia,2022,9860000
Serbia,2006,1630000
Serbia,2007,1478000
Serbia,2008,1662000
Serbia,2009,1054336
Serbia,2010,1254386
Serbia,2011,1304954
Serbia,2012,346000
Serbia,2013,396000
Serbia,2014,583000
Serbia,2015,955000
Serbia,2016,1172600
Serbia,2017,1476700
Serbia,2018,1973400
Serbia,2019,1929400
Serbia,2020,1455700
Serbia,2021,1667400
Serbia,2022,1674100
Serbia and Montenegro,1992,665000
Serbia and Montenegro,1993,183383
Serbia and Montenegro,1994,137000
Serbia and Montenegro,1995,180000
Serbia and Montenegro,1996,678749
Serbia and Montenegro,1997,978960
Serbia and Montenegro,1998,949314
Serbia and Montenegro,1999,226240
Serbia and Montenegro,2000,682362
Serbia and Montenegro,2001,510675
Serbia and Montenegro,2002,595547
Serbia and Montenegro,2003,722376
Serbia and Montenegro,2004,1175000
Serbia and Montenegro,2005,1292000
Singapore,1974,220000
Singapore,1975,187000
Singapore,1976,203000
Singapore,1977,206000
Singapore,1978,280000
Singapore,1979,297000
Singapore,1980,340000
Singapore,1981,263000
Singapore,1982,359000
Singapore,1983,305000
Singapore,1984,362000
Singapore,1985,365000
Singapore,1986,390000
Singapore,1987,441000
Singapore,1988,432000
Singapore,1989,495000
Singapore,1990,489000
Singapore,1991,510000
Singapore,1992,709000
Singapore,1993,876000
Singapore,1994,839000
Singapore,1995,769000
Singapore,1996,779000
Singapore,1997,382619
Singapore,1998,499000
Singapore,1999,590000
Singapore,2000,603000
Singapore,2001,456000
Singapore,2002,545000
Singapore,2003,561000
Singapore,2004,610000
Singapore,2005,572000
Singapore,2006,607000
Singapore,2007,640000
Singapore,2008,764000
Singapore,2009,664000
Singapore,2010,728000
Singapore,2011,752000
Singapore,2012,688000
Singapore,2013,433000
Singapore,2014,575000
Singapore,2015,501000
Singapore,2016,520000
Singapore,2017,595500
Singapore,2018,618200
Singapore,2019,766300
Singapore,2020,419500
Singapore,2021,567900
Singapore,2022,550000
Slovakia,1992,0
Slovakia,1993,3922000
Slovakia,1994,3974000
Slovakia,1995,3958000
Slovakia,1996,3458000
Slovakia,1997,3484000
Slovakia,1998,3428000
Slovakia,1999,3533600
Slovakia,2000,3733200
Slovakia,2001,3988600
Slovakia,2002,4275470
Slovakia,2003,4588000
Slovakia,2004,4454000
Slovakia,2005,4485000
Slovakia,2006,5093000
Slovakia,2007,5082000
Slovakia,2008,4489000
Slovakia,2009,3747000
Slovakia,2010,4583000
Slovakia,2011,4236000
Slovakia,2012,4403447
Slovakia,2013,4511000
Slovakia,2014,4705000
Slovakia,2015,4562000
Slovakia,2016,4808000
Slovakia,2017,4980000
Slovakia,2018,4947000
Slovakia,2019,3931000
Slovakia,2020,3444000
Slovakia,2021,4863000
Slovakia,2022,3872000
Slovenia,1992,400000
Slovenia,1993,355000
Slovenia,1994,424000
Slovenia,1995,407000
Slovenia,1996,314000
Slovenia,1997,372690
Slovenia,1998,405210
Slovenia,1999,405000
Slovenia,2000,519000
Slovenia,2001,462000
Slovenia,2002,481000
Slovenia,2003,541000
Slovenia,2004,565000
Slovenia,2005,583000
Slovenia,2006,628000
Slovenia,2007,638000
Slovenia,2008,642000
Slovenia,2009,430000
Slovenia,2010,606000
Slovenia,2011,648000
Slovenia,2012,632000
Slovenia,2013,618000
Slovenia,2014,615000
Slovenia,2015,604000
Slovenia,2016,613000
Slovenia,2017,648400
Slovenia,2018,653800
Slovenia,2019,623200
Slovenia,2020,585200
Slovenia,2021,661900
Slovenia,2022,601256
South Africa,1970,4668000
South Africa,1971,4920000
South Africa,1972,5340000
South Africa,1973,5631000
South Africa,1974,5834000
South Africa,1975,6580000
South Africa,1976,6926000
South Africa,1977,7378000
South Africa,1978,7902000
South Africa,1979,8868000
South Africa,1980,8361000
South Africa,1981,8397000
South Africa,1982,8036000
South Africa,1983,7248000
South Africa,1984,7509000
South Africa,1985,8444000
South Africa,1986,8895000
South Africa,1987,8693000
South Africa,1988,8522000
South Africa,1989,8973000
South Africa,1990,8619000
South Africa,1991,9358000
South Africa,1992,9062000
South Africa,1993,8726000
South Africa,1994,8525000
South Africa,1995,8741000
South Africa,1996,7999000
South Africa,1997,8311000
South Africa,1998,7956000
South Africa,1999,7857000
South Africa,2000,8481000
South Africa,2001,8821000
South Africa,2002,9095000
South Africa,2003,9481000
South Africa,2004,9500000
South Africa,2005,9494000
South Africa,2006,9721000
South Africa,2007,9098000
South Africa,2008,8550000
South Africa,2009,7484000
South Africa,2010,7617000
South Africa,2011,7546000
South Africa,2012,6938000
South Africa,2013,7253000
South Africa,2014,7210000
South Africa,2015,7614000
South Africa,2016,6141000
South Africa,2017,6301200
South Africa,2018,6327300
South Africa,2019,6151700
South Africa,2020,3876500
South Africa,2021,5019500
South Africa,2022,4402500
South Korea,1970,481000
South Korea,1971,472000
South Korea,1972,585000
South Korea,1973,1157000
South Korea,1974,1935000
South Korea,1975,2010000
South Korea,1976,2698000
South Korea,1977,2737000
South Korea,1978,3138000
South Korea,1979,5200000
South Korea,1980,7386000
South Korea,1981,9841000
South Korea,1982,10863397
South Korea,1983,11227146
South Korea,1984,12734820
South Korea,1985,13591136
South Korea,1986,14501548
South Korea,1987,16782000
South Korea,1988,19118000
South Korea,1989,21873000
South Korea,1990,23125000
South Korea,1991,26001000
South Korea,1992,28054000
South Korea,1993,33468044
South Korea,1994,34370181
South Korea,1995,37500138
South Korea,1996,39642629
South Korea,1997,42554151
South Korea,1998,39895839
South Korea,1999,41042412
South Korea,2000,43107123
South Korea,2001,43852192
South Korea,2002,45389834
South Korea,2003,46309629
South Korea,2004,47520871
South Korea,2005,47820037
South Korea,2006,48455454
South Korea,2007,51517309
South Korea,2008,53322000
South Korea,2009,48572000
South Korea,2010,58914125
South Korea,2011,68519191
South Korea,2012,69073000
South Korea,2013,66061000
South Korea,2014,71542000
South Korea,2015,69670000
South Korea,2016,68575000
South Korea,2017,71080000
South Korea,2018,72464000
South Korea,2019,71411000
South Korea,2020,67000000
South Korea,2021,71000000
South Korea,2022,66000000
South Korea,2023,68000000
Spain,1970,7388000
Spain,1971,8025000
Spain,1972,9530000
Spain,1973,10484000
Spain,1974,11473000
Spain,1975,11137000
Spain,1976,11002000
Spain,1977,11102000
Spain,1978,11269000
Spain,1979,12304000
Spain,1980,12586148
Spain,1981,13168140
Spain,1982,12742560
Spain,1983,13711656
Spain,1984,13379000
Spain,1985,14032000
Spain,1986,11882000
Spain,1987,11691441
Spain,1988,11886000
Spain,1989,12765000
Spain,1990,12936000
Spain,1991,12932000
Spain,1992,12254000
Spain,1993,12960000
Spain,1994,13445000
Spain,1995,13802000
Spain,1996,12161000
Spain,1997,13683000
Spain,1998,14827000
Spain,1999,14882000
Spain,2000,15874000
Spain,2001,16504000
Spain,2002,16408000
Spain,2003,16407000
Spain,2004,17700000
Spain,2005,17825000
Spain,2006,18391000
Spain,2007,18998000
Spain,2008,18640000
Spain,2009,14358000
Spain,2010,16343000
Spain,2011,15504000
Spain,2012,13639000
Spain,2013,14252000
Spain,2014,14163000
Spain,2015,14845000
Spain,2016,13654000
Spain,2017,14440900
Spain,2018,14320500
Spain,2019,13587700
Spain,2020,10998400
Spain,2021,14204900
Spain,2022,11507400
Sri Lanka,1993,30000
Sri Lanka,1994,30000
Sri Lanka,2015,30000
Sri Lanka,2016,30000
Sri Lanka,2017,30000
Sri Lanka,2018,30000
Sri Lanka,2019,30000
Sri Lanka,2020,30000
Sri Lanka,2021,30000
Sri Lanka,2022,30000
Sweden,1970,5496000
Sweden,1971,5281000
Sweden,1972,5249000
Sweden,1973,5651000
Sweden,1974,5972000
Sweden,1975,5614000
Sweden,1976,5178000
Sweden,1977,3979000
Sweden,1978,4325000
Sweden,1979,4733000
Sweden,1980,4237000
Sweden,1981,3781000
Sweden,1982,3936000
Sweden,1983,4116000
Sweden,1984,4657000
Sweden,1985,4840000
Sweden,1986,4710000
Sweden,1987,4703000
Sweden,1988,4779000
Sweden,1989,4697000
Sweden,1990,4454000
Sweden,1991,4252000
Sweden,1992,4358000
Sweden,1993,4591000
Sweden,1994,4967000
Sweden,1995,4953400
Sweden,1996,4909600
Sweden,1997,5147700
Sweden,1998,5153100
Sweden,1999,5067200
Sweden,2000,5228700
Sweden,2001,5518100
Sweden,2002,5753300
Sweden,2003,5708500
Sweden,2004,5978000
Sweden,2005,5725600
Sweden,2006,5466100
Sweden,2007,5672900
Sweden,2008,5197600
Sweden,2009,2803700
Sweden,2010,4845600
Sweden,2011,4867200
Sweden,2012,4312400
Sweden,2013,4391900
Sweden,2014,4533800
Sweden,2015,4557100
Sweden,2016,4816800
Sweden,2017,4926500
Sweden,2018,4655100
Sweden,2019,4721100
Sweden,2020,4408700
Sweden,2021,4678300
Sweden,2022,4404200
Switzerland,1970,524000
Switzerland,1971,532000
Switzerland,1972,543000
Switzerland,1973,585000
Switzerland,1974,593000
Switzerland,1975,420000
Switzerland,1976,545000
Switzerland,1977,656000
Switzerland,1978,784000
Switzerland,1979,886000
Switzerland,1980,929000
Switzerland,1981,966000
Switzerland,1982,950000
Switzerland,1983,835000
Switzerland,1984,978000
Switzerland,1985,987000
Switzerland,1986,1075000
Switzerland,1987,866000
Switzerland,1988,988000
Switzerland,1989,916000
Switzerland,1990,963000
Switzerland,1991,955000
Switzerland,1992,1240000
Switzerland,1993,1254000
Switzerland,1994,1098000
Switzerland,1995,739000
Switzerland,1996,700000
Switzerland,1997,1047000
Switzerland,1998,1018000
Switzerland,1999,1037000
Switzerland,2000,1000000
Switzerland,2001,1000000
Switzerland,2002,1000000
Switzerland,2003,1000000
Switzerland,2004,1000000
Switzerland,2005,1158000
Switzerland,2006,1252000
Switzerland,2007,1264000
Switzerland,2008,1312000
Switzerland,2009,934000
Switzerland,2010,1320000
Switzerland,2011,1400000
Switzerland,2012,1450000
Switzerland,2013,1530000
Switzerland,2014,1611607
Switzerland,2015,1586020
Switzerland,2016,1498021
Switzerland,2017,1569963
Switzerland,2018,1561826
Switzerland,2019,1325000
Switzerland,2020,1175000
Switzerland,2021,1291100
Switzerland,2022,1200000
Syria,1975,135000
Syria,1976,80000
Syria,1977,115000
Syria,1978,120000
Syria,1979,110000
Syria,1980,110000
Syria,1981,110000
Syria,1982,99000
Syria,1983,80000
Syria,1984,70000
Syria,1985,70000
Syria,1986,70000
Syria,1987,70000
Syria,1988,70000
Syria,1989,70000
Syria,1990,70000
Syria,1991,70000
Syria,1992,70000
Syria,1993,70000
Syria,1994,70000
Syria,1995,70000
Syria,1996,70000
Syria,1997,70000
Syria,1998,70000
Syria,1999,70000
Syria,2000,70000
Syria,2001,70000
Syria,2002,70000
Syria,2003,70000
Syria,2004,70000
Syria,2005,70000
Syria,2006,70000
Syria,2007,70000
Syria,2008,70000
Syria,2009,70000
Syria,2010,70000
Syria,2011,70000
Syria,2012,70000
Syria,2013,10000
Syria,2014,5000
Syria,2015,5000
Syria,2016,5000
Syria,2017,5000
Syria,2018,5000
Syria,2019,5000
Syria,2020,5000
Syria,2021,5000
Syria,2022,5000
Taiwan,1970,294000
Taiwan,1971,392000
Taiwan,1972,457000
Taiwan,1973,507000
Taiwan,1974,570000
Taiwan,1975,571000
Taiwan,1976,634000
Taiwan,1977,910000
Taiwan,1978,1269000
Taiwan,1979,1570000
Taiwan,1980,3417000
Taiwan,1981,3157000
Taiwan,1982,4152000
Taiwan,1983,5031000
Taiwan,1984,5010000
Taiwan,1985,5306000
Taiwan,1986,5545000
Taiwan,1987,5915000
Taiwan,1988,8288000
Taiwan,1989,9047000
Taiwan,1990,9747000
Taiwan,1991,11083000
Taiwan,1992,10705000
Taiwan,1993,11975000
Taiwan,1994,11590000
Taiwan,1995,11605000
Taiwan,1996,12655000
Taiwan,1997,16056267
Taiwan,1998,16965134
Taiwan,1999,15437755
Taiwan,2000,16895545
Taiwan,2001,17261119
Taiwan,2002,18226044
Taiwan,2003,18828323
Taiwan,2004,19592755
Taiwan,2005,18563247
Taiwan,2006,19974997
Taiwan,2007,20700389
Taiwan,2008,19882000
Taiwan,2009,15873000
Taiwan,2010,18975000
Taiwan,2011,21640000
Taiwan,2012,19927000
Taiwan,2013,21466000
Taiwan,2014,22511000
Taiwan,2015,20815000
Taiwan,2016,20858000
Taiwan,2017,21370000
Taiwan,2018,22290000
Taiwan,2019,21322000
Taiwan,2020,21000000
Taiwan,2021,23000000
Taiwan,2022,21000000
Taiwan,2023,21000000
Thailand,1970,40000
Thailand,1971,120000
Thailand,1972,182000
Thailand,1973,190000
Thailand,1974,220000
Thailand,1975,258000
Thailand,1976,285000
Thailand,1977,300000
Thailand,1978,346000
Thailand,1979,440000
Thailand,1980,450000
Thailand,1981,300000
Thailand,1982,312158
Thailand,1983,243900
Thailand,1984,380971
Thailand,1985,425000
Thailand,1986,463000
Thailand,1987,534172
Thailand,1988,552000
Thailand,1989,689421
Thailand,1990,684678
Thailand,1991,711134
Thailand,1992,929000
Thailand,1993,954000
Thailand,1994,1461000
Thailand,1995,2134000
Thailand,1996,2143000
Thailand,1997,2101218
Thailand,1998,1814146
Thailand,1999,1532160
Thailand,2000,2099633
Thailand,2001,2127000
Thailand,2002,2538000
Thailand,2003,3551000
Thailand,2004,4533000
Thailand,2005,5161000
Thailand,2006,4914000
Thailand,2007,5565000
Thailand,2008,5211212
Thailand,2009,3645586
Thailand,2010,4144908
Thailand,2011,4256000
Thailand,2012,3641000
Thailand,2013,3613000
Thailand,2014,5835000
Thailand,2015,5069000
Thailand,2016,5400000
Thailand,2017,6761800
Thailand,2018,6402500
Thailand,2019,4246000
Thailand,2020,4467200
Thailand,2021,5472900
Thailand,2022,5316400
Trinidad and Tobago,1980,3200
Trinidad and Tobago,1981,53100
Trinidad and Tobago,1982,179200
Trinidad and Tobago,1983,209600
Trinidad and Tobago,1984,198900
Trinidad and Tobago,1985,166900
Trinidad and Tobago,1986,327000
Trinidad and Tobago,1987,375600
Trinidad and Tobago,1988,361200
Trinidad and Tobago,1989,340100
Trinidad and Tobago,1990,364500
Trinidad and Tobago,1991,439700
Trinidad and Tobago,1992,552800
Trinidad and Tobago,1993,492100
Trinidad and Tobago,1994,630300
Trinidad and Tobago,1995,676100
Trinidad and Tobago,1996,643600
Trinidad and Tobago,1997,747000
Trinidad and Tobago,1998,776900
Trinidad and Tobago,1999,723900
Trinidad and Tobago,2000,743700
Trinidad and Tobago,2001,668300
Trinidad and Tobago,2002,816900
Trinidad and Tobago,2003,896000
Trinidad and Tobago,2004,789800
Trinidad and Tobago,2005,712000
Trinidad and Tobago,2006,673000
Trinidad and Tobago,2007,694600
Trinidad and Tobago,2008,489600
Trinidad and Tobago,2009,417000
Trinidad and Tobago,2010,571600
Trinidad and Tobago,2011,603400
Trinidad and Tobago,2012,623800
Trinidad and Tobago,2013,615800
Trinidad and Tobago,2014,483300
Trinidad and Tobago,2015,266500
Tunisia,1974,132000
Tunisia,1975,129000
Tunisia,1976,103000
Tunisia,1977,156000
Tunisia,1978,168000
Tunisia,1979,175500
Tunisia,1980,177900
Tunisia,1981,173000
Tunisia,1982,104900
Tunisia,1983,162800
Tunisia,1984,166200
Tunisia,1985,160300
Tunisia,1986,181400
Tunisia,1987,188200
Tunisia,1988,158600
Tunisia,1989,188000
Tunisia,1990,176800
Tunisia,1991,193000
Tunisia,1992,181500
Tunisia,1993,181900
Tunisia,1994,182800
Tunisia,1995,200700
Tunisia,1996,187000
Tunisia,1997,195000
Tunisia,1998,171000
Tunisia,1999,231000
Tunisia,2000,229000
Tunisia,2001,238400
Tunisia,2002,200500
Tunisia,2003,85600
Tunisia,2004,69900
Tunisia,2005,65700
Tunisia,2006,67700
Tunisia,2007,60900
Tunisia,2008,82200
Tunisia,2009,99500
Tunisia,2010,115100
Tunisia,2011,119200
Tunisia,2012,110800
Tunisia,2013,109600
Tunisia,2014,100700
Tunisia,2015,50000
Tunisia,2016,50000
Tunisia,2017,80000
Tunisia,2018,80000
Tunisia,2019,60000
Tunisia,2020,77600
Tunisia,2021,85100
Tunisia,2022,80000
Turkey,1970,1312000
Turkey,1971,1122000
Turkey,1972,1448000
Turkey,1973,1169000
Turkey,1974,1464000
Turkey,1975,1464000
Turkey,1976,1469000
Turkey,1977,1397000
Turkey,1978,1628000
Turkey,1979,1788523
Turkey,1980,1700367
Turkey,1981,1744051
Turkey,1982,1997631
Turkey,1983,2478875
Turkey,1984,2753392
Turkey,1985,4600301
Turkey,1986,5946682
Turkey,1987,7043745
Turkey,1988,8009073
Turkey,1989,7043745
Turkey,1990,9412894
Turkey,1991,9397697
Turkey,1992,10342916
Turkey,1993,11519000
Turkey,1994,12624000
Turkey,1995,13183000
Turkey,1996,13382221
Turkey,1997,13644093
Turkey,1998,13165724
Turkey,1999,13806898
Turkey,2000,13571563
Turkey,2001,14382257
Turkey,2002,16045522
Turkey,2003,17644020
Turkey,2004,19868118
Turkey,2005,20961240
Turkey,2006,23307523
Turkey,2007,25760889
Turkey,2008,26809050
Turkey,2009,25303741
Turkey,2010,29029789
Turkey,2011,30562184
Turkey,2012,35885000
Turkey,2013,34654000
Turkey,2014,34035000
Turkey,2015,31517000
Turkey,2016,33163000
Turkey,2017,37523900
Turkey,2018,37311700
Turkey,2019,33743100
Turkey,2020,36000000
Turkey,2021,40000000
Turkey,2022,35000000
Turkey,2023,42000000
USSR,1970,115886000
USSR,1971,120637000
USSR,1972,125589000
USSR,1973,131459000
USSR,1974,136206000
USSR,1975,141325000
USSR,1976,144805000
USSR,1977,146655000
USSR,1978,151436000
USSR,1979,149099000
USSR,1980,147941000
USSR,1981,148445000
USSR,1982,147165000
USSR,1983,152514000
USSR,1984,154238000
USSR,1985,154668000
USSR,1986,160550000
USSR,1987,161887000
USSR,1988,163037000
USSR,1989,160096000
USSR,1990,154414000
USSR,1991,132839000
Uganda,1993,30000
Uganda,1994,30000
Uganda,2009,30000
Uganda,2010,30000
Uganda,2011,30000
Uganda,2012,30000
Uganda,2013,30000
Uganda,2014,30000
Uganda,2015,30000
Uganda,2016,30000
Uganda,2017,30000
Uganda,2018,30000
Uganda,2019,30000
Uganda,2020,30000
Uganda,2021,30000
Uganda,2022,30000
Ukraine,1992,41800000
Ukraine,1993,31500000
Ukraine,1994,23500000
Ukraine,1995,21856800
Ukraine,1996,21948800
Ukraine,1997,25285700
Ukraine,1998,24105255
Ukraine,1999,27393000
Ukraine,2000,31782000
Ukraine,2001,33108000
Ukraine,2002,34050000
Ukraine,2003,36922000
Ukraine,2004,38738000
Ukraine,2005,38641000
Ukraine,2006,40892000
Ukraine,2007,43646655
Ukraine,2008,38136117
Ukraine,2009,30301844
Ukraine,2010,33345586
Ukraine,2011,35512156
Ukraine,2012,33509180
Ukraine,2013,33198653
Ukraine,2014,27372913
Ukraine,2015,23166031
Ukraine,2016,24218000
Ukraine,2017,21417300
Ukraine,2018,21100500
Ukraine,2019,20848200
Ukraine,2020,21000000
Ukraine,2021,21000000
Ukraine,2022,6000000
Ukraine,2023,7000000
United Arab Emirates,1993,45000
United Arab Emirates,1994,45000
United Arab Emirates,1995,60000
United Arab Emirates,1996,90000
United Arab Emirates,1997,90000
United Arab Emirates,1998,90000
United Arab Emirates,1999,90000
United Arab Emirates,2000,90000
United Arab Emirates,2001,90000
United Arab Emirates,2002,90000
United Arab Emirates,2003,90000
United Arab Emirates,2004,90000
United Arab Emirates,2005,90000
United Arab Emirates,2006,90000
United Arab Emirates,2007,90000
United Arab Emirates,2008,90000
United Arab Emirates,2009,90000
United Arab Emirates,2010,500000
United Arab Emirates,2011,2000000
United Arab Emirates,2012,2408000
United Arab Emirates,2013,2878000
United Arab Emirates,2014,2390000
United Arab Emirates,2015,3006000
United Arab Emirates,2016,3149000
United Arab Emirates,2017,3309300
United Arab Emirates,2018,3247500
United Arab Emirates,2019,3326600
United Arab Emirates,2020,2722000
United Arab Emirates,2021,2997500
United Arab Emirates,2022,3211400
United Kingdom,1970,28316000
United Kingdom,1971,24174000
United Kingdom,1972,25293000
United Kingdom,1973,26594000
United Kingdom,1974,22323000
United Kingdom,1975,20098000
United Kingdom,1976,22274000
United Kingdom,1977,20411000
United Kingdom,1978,20311000
United Kingdom,1979,21464000
United Kingdom,1980,11277000
United Kingdom,1981,15573000
United Kingdom,1982,13704000
United Kingdom,1983,14986000
United Kingdom,1984,15121000
United Kingdom,1985,15721900
United Kingdom,1986,14725000
United Kingdom,1987,17413700
United Kingdom,1988,18950000
United Kingdom,1989,18740000
United Kingdom,1990,17840700
United Kingdom,1991,16474400
United Kingdom,1992,16211900
United Kingdom,1993,16624700
United Kingdom,1994,17285800
United Kingdom,1995,17603600
United Kingdom,1996,17991700
United Kingdom,1997,18500500
United Kingdom,1998,17315000
United Kingdom,1999,16283700
United Kingdom,2000,15154600
United Kingdom,2001,13542700
United Kingdom,2002,11527600
United Kingdom,2003,13128500
United Kingdom,2004,13765700
United Kingdom,2005,13238900
United Kingdom,2006,13904600
United Kingdom,2007,14392300
United Kingdom,2008,13520500
United Kingdom,2009,10074500
United Kingdom,2010,9708000
United Kingdom,2011,9478000
United Kingdom,2012,9579100
United Kingdom,2013,11857500
United Kingdom,2014,12033500
United Kingdom,2015,10906700
United Kingdom,2016,7634900
United Kingdom,2017,7491300
United Kingdom,2018,7267700
United Kingdom,2019,7218100
United Kingdom,2020,7085700
United Kingdom,2021,7221600
United Kingdom,2022,5962800
United States,1970,119308000
United States,1971,109264000
United States,1972,120874000
United States,1973,136803000
United States,1974,132195000
United States,1975,105816000
United States,1976,116120000
United States,1977,113700000
United States,1978,124312000
United States,1979,123686000
United States,1980,101455000
United States,1981,109613000
United States,1982,67655000
United States,1983,76761000
United States,1984,83940000
United States,1985,80067000
United States,1986,74032000
United States,1987,80876000
United States,1988,90650000
United States,1989,88852000
United States,1990,89726000
United States,1991,79738000
United States,1992,84322000
United States,1993,88793000
United States,1994,91244000
United States,1995,95191000
United States,1996,95535000
United States,1997,98485000
United States,1998,98658000
United States,1999,97427000
United States,2000,101824000
United States,2001,90103000
United States,2002,91588000
United States,2003,93677000
United States,2004,99681000
United States,2005,94897000
United States,2006,98557000
United States,2007,98102000
United States,2008,91350000
United States,2009,58196000
United States,2010,80495000
United States,2011,86000000
United States,2012,88695000
United States,2013,86878000
United States,2014,88174000
United States,2015,78845000
United States,2016,78475000
United States,2017,81612000
United States,2018,86607400
United States,2019,87761200
United States,2020,73000000
United States,2021,86000000
United States,2022,81000000
United States,2023,80000000
Uruguay,1970,16000
Uruguay,1971,15000
Uruguay,1972,13000
Uruguay,1973,12000
Uruguay,1974,14000
Uruguay,1975,16000
Uruguay,1976,15000
Uruguay,1977,17000
Uruguay,1978,7000
Uruguay,1979,16127
Uruguay,1980,17200
Uruguay,1981,15139
Uruguay,1982,28019
Uruguay,1983,45674
Uruguay,1984,40763
Uruguay,1985,38964
Uruguay,1986,30987
Uruguay,1987,30428
Uruguay,1988,29971
Uruguay,1989,37150
Uruguay,1990,38172
Uruguay,1991,41245
Uruguay,1992,55153
Uruguay,1993,35933
Uruguay,1994,36110
Uruguay,1995,39857
Uruguay,1996,33555
Uruguay,1997,39070
Uruguay,1998,52012
Uruguay,1999,45404
Uruguay,2000,38102
Uruguay,2001,30890
Uruguay,2002,34400
Uruguay,2003,40500
Uruguay,2004,58000
Uruguay,2005,64000
Uruguay,2006,56700
Uruguay,2007,71100
Uruguay,2008,85700
Uruguay,2009,57000
Uruguay,2010,65000
Uruguay,2011,81000
Uruguay,2012,78000
Uruguay,2013,91000
Uruguay,2014,94000
Uruguay,2015,97000
Uruguay,2016,61000
Uruguay,2017,57800
Uruguay,2018,60000
Uruguay,2019,62300
Uruguay,2020,49100
Uruguay,2021,62800
Uruguay,2022,54900
Uzbekistan,1992,630000
Uzbekistan,1993,573000
Uzbekistan,1994,364300
Uzbekistan,1995,367200
Uzbekistan,1996,444000
Uzbekistan,1997,379000
Uzbekistan,1998,351000
Uzbekistan,1999,344000
Uzbekistan,2000,407000
Uzbekistan,2001,433000
Uzbekistan,2002,450000
Uzbekistan,2003,499000
Uzbekistan,2004,602000
Uzbekistan,2005,595000
Uzbekistan,2006,730000
Uzbekistan,2007,649000
Uzbekistan,2008,682000
Uzbekistan,2009,716000
Uzbekistan,2010,716000
Uzbekistan,2011,733000
Uzbekistan,2012,736000
Uzbekistan,2013,746000
Uzbekistan,2014,723000
Uzbekistan,2015,643000
Uzbekistan,2016,654000
Uzbekistan,2017,654000
Uzbekistan,2018,646000
Uzbekistan,2019,666000
Uzbekistan,2020,939200
Uzbekistan,2021,1050000
Uzbekistan,2022,950000
Venezuela,1970,927000
Venezuela,1971,924000
Venezuela,1972,1128000
Venezuela,1973,907000
Venezuela,1974,1058000
Venezuela,1975,1075000
Venezuela,1976,752000
Venezuela,1977,678000
Venezuela,1978,680000
Venezuela,1979,1292000
Venezuela,1980,1784000
Venezuela,1981,2030000
Venezuela,1982,2216000
Venezuela,1983,2319000
Venezuela,1984,2777415
Venezuela,1985,3060475
Venezuela,1986,3401254
Venezuela,1987,3297499
Venezuela,1988,3165192
Venezuela,1989,2941824
Venezuela,1990,2997549
Venezuela,1991,3315027
Venezuela,1992,3489198
Venezuela,1993,3391812
Venezuela,1994,3524153
Venezuela,1995,3567520
Venezuela,1996,3956432
Venezuela,1997,3986549
Venezuela,1998,3553315
Venezuela,1999,3261365
Venezuela,2000,3834575
Venezuela,2001,3812664
Venezuela,2002,4163855
Venezuela,2003,3930300
Venezuela,2004,4561000
Venezuela,2005,4907400
Venezuela,2006,4692800
Venezuela,2007,5005300
Venezuela,2008,4224500
Venezuela,2009,3808000
Venezuela,2010,2207000
Venezuela,2011,2980000
Venezuela,2012,2359000
Venezuela,2013,2494000
Venezuela,2014,1466000
Venezuela,2015,1346000
Venezuela,2016,553000
Venezuela,2017,443800
Venezuela,2018,129000
Venezuela,2019,50800
Venezuela,2020,29200
Venezuela,2021,29400
Venezuela,2022,27100
Vietnam,1979,110000
Vietnam,1980,120000
Vietnam,1981,36100
Vietnam,1982,47100
Vietnam,1983,48000
Vietnam,1984,53000
Vietnam,1985,61600
Vietnam,1986,64400
Vietnam,1987,69500
Vietnam,1988,74100
Vietnam,1989,85000
Vietnam,1990,102000
Vietnam,1991,183000
Vietnam,1992,219000
Vietnam,1993,270000
Vietnam,1994,301000
Vietnam,1995,271000
Vietnam,1996,311000
Vietnam,1997,314488
Vietnam,1998,306256
Vietnam,1999,308305
Vietnam,2000,305881
Vietnam,2001,318780
Vietnam,2002,408196
Vietnam,2003,543006
Vietnam,2004,689000
Vietnam,2005,890000
Vietnam,2006,1869000
Vietnam,2007,2024000
Vietnam,2008,2250000
Vietnam,2009,2700000
Vietnam,2010,4314000
Vietnam,2011,4900000
Vietnam,2012,5298000
Vietnam,2013,5474000
Vietnam,2014,5847000
Vietnam,2015,5647000
Vietnam,2016,7811000
Vietnam,2017,11473000
Vietnam,2018,15471000
Vietnam,2019,17469000
Vietnam,2020,17000000
Vietnam,2021,23000000
Vietnam,2022,20000000
Vietnam,2023,21000000
West Germany,1970,45041000
West Germany,1971,40313000
West Germany,1972,43705000
West Germany,1973,49521000
West Germany,1974,53232000
West Germany,1975,40415000
West Germany,1976,42415000
West Germany,1977,38985000
West Germany,1978,41253000
West Germany,1979,46040000
West Germany,1980,43838000
West Germany,1981,41610000
West Germany,1982,35880000
West Germany,1983,35729000
West Germany,1984,39787000
West Germany,1985,40908000
West Germany,1986,37533000
West Germany,1987,36577000
West Germany,1988,41023000
West Germany,1989,41073000
West Germany,1990,38434000
World,1943,172000000
World,1944,164000000
World,1945,101000000
World,1946,123000000
World,1947,123000000
World,1948,141000000
World,1949,145000000
World,1950,189000000
World,1951,211000000
World,1952,211000000
World,1953,235000000
World,1954,224000000
World,1955,269000000
World,1956,284000000
World,1957,293000000
World,1958,271000000
World,1959,305000000
World,1960,346000000
World,1961,352000000
World,1962,361000000
World,1963,387000000
World,1964,437000000
World,1965,459000000
World,1966,475000000
World,1967,494000000
World,1968,530000000
World,1969,574000000
World,1970,594000000
World,1971,581000000
World,1972,629000000
World,1973,698000000
World,1974,708000000
World,1975,644000000
World,1976,674000000
World,1977,673000000
World,1978,715000000
World,1979,745000000
World,1980,716000000
World,1981,707000000
World,1982,644000000
World,1983,663000000
World,1984,711000000
World,1985,718000000
World,1986,713000000
World,1987,734000000
World,1988,780000000
World,1989,784000000
World,1990,771000000
World,1991,737000000
World,1992,724000000
World,1993,730000000
World,1994,730000000
World,1995,752000000
World,1996,751000000
World,1997,797000000
World,1998,770000000
World,1999,784000000
World,2000,850000000
World,2001,852000000
World,2002,907000000
World,2003,974000000
World,2004,1060000000
World,2005,1140000000
World,2006,1250000000
World,2007,1350000000
World,2008,1330000000
World,2009,1230000000
World,2010,1430000000
World,2011,1520000000
World,2012,1520000000
World,2013,1620000000
World,2014,1670000000
World,2015,1610000000
World,2016,1630000000
World,2017,1740000000
World,2018,1820000000
World,2019,1870000000
World,2020,1790000000
World,2021,1950000000
World,2022,1880000000
World,2023,1900000000
Yugoslavia,1970,2228000
Yugoslavia,1971,2453000
Yugoslavia,1972,2588000
Yugoslavia,1973,2676000
Yugoslavia,1974,2837000
Yugoslavia,1975,2916000
Yugoslavia,1976,2751000
Yugoslavia,1977,3184000
Yugoslavia,1978,3452000
Yugoslavia,1979,3536000
Yugoslavia,1980,3634000
Yugoslavia,1981,3976000
Yugoslavia,1982,3850000
Yugoslavia,1983,4134919
Yugoslavia,1984,4233973
Yugoslavia,1985,4480021
Yugoslavia,1986,4519331
Yugoslavia,1987,4366087
Yugoslavia,1988,4487156
Yugoslavia,1989,4500111
Yugoslavia,1990,3608285
Yugoslavia,1991,2176000
Zimbabwe,1970,163000
Zimbabwe,1971,160
Zimbabwe,1972,200000
Zimbabwe,1973,300000
Zimbabwe,1974,270000
Zimbabwe,1975,750000
Zimbabwe,1976,733000
Zimbabwe,1977,734000
Zimbabwe,1978,778000
Zimbabwe,1979,739968
Zimbabwe,1980,800000
Zimbabwe,1981,691421
Zimbabwe,1982,537609
Zimbabwe,1983,646463
Zimbabwe,1984,423443
Zimbabwe,1985,730841
Zimbabwe,1986,679989
Zimbabwe,1987,615507
Zimbabwe,1988,598000
Zimbabwe,1989,569000
Zimbabwe,1990,580318
Zimbabwe,1991,581000
Zimbabwe,1992,559000
Zimbabwe,1993,221000
Zimbabwe,1994,154000
Zimbabwe,1995,220000
Zimbabwe,1996,212000
Zimbabwe,1997,214000
Zimbabwe,1998,212000
Zimbabwe,1999,255000
Zimbabwe,2000,258000
Zimbabwe,2001,149000
Zimbabwe,2002,105000
Zimbabwe,2003,152000
Zimbabwe,2004,135000
Zimbabwe,2005,107000
Zimbabwe,2006,24000
Zimbabwe,2007,23000
Zimbabwe,2014,6759
Zimbabwe,2015,2806
Zimbabwe,2016,2785
Zimbabwe,2017,1294
Zimbabwe,2018,1322
Zimbabwe,2019,3583
Zimbabwe,2020,5196
Zimbabwe,2021,3921
Zimbabwe,2022,3900